,city,town,towncd,areacd
0,서귀포시,남원읍,50130253,W6Y344
1,서귀포시,남원읍,50130253,W6Y345
2,서귀포시,남원읍,50130253,W6Y346
3,서귀포시,남원읍,50130253,W6Y347
4,서귀포시,남원읍,50130253,W6Y348
5,서귀포시,남원읍,50130253,W6Y349
6,서귀포시,남원읍,50130253,W6Y350
7,서귀포시,남원읍,50130253,W6Y351
8,서귀포시,남원읍,50130253,W6Y352
9,서귀포시,남원읍,50130253,W6Y353
10,서귀포시,남원읍,50130253,W6Y354
11,서귀포시,남원읍,50130253,W6Y355
12,서귀포시,남원읍,50130253,W6Y356
13,서귀포시,남원읍,50130253,W6Y357
14,서귀포시,남원읍,50130253,W6Y358
15,서귀포시,남원읍,50130253,W6Y359
16,서귀포시,남원읍,50130253,W6Y360
17,서귀포시,남원읍,50130253,W6Y361
18,서귀포시,남원읍,50130253,W6Y362
19,서귀포시,남원읍,50130253,W6Y363
20,서귀포시,남원읍,50130253,W6Y364
21,서귀포시,남원읍,50130253,W6Y365
22,서귀포시,남원읍,50130253,W6Y366
23,서귀포시,남원읍,50130253,W6Y367
24,서귀포시,남원읍,50130253,W6Y368
25,서귀포시,남원읍,50130253,W6Y369
26,서귀포시,남원읍,50130253,W6Y370
27,서귀포시,남원읍,50130253,W6Y371
28,서귀포시,남원읍,50130253,W6Y372
29,서귀포시,남원읍,50130253,W6Y373
30,서귀포시,남원읍,50130253,W6Y374
31,서귀포시,남원읍,50130253,W6Y375
32,서귀포시,남원읍,50130253,W6Y376
33,서귀포시,남원읍,50130253,W6Y377
34,서귀포시,남원읍,50130253,W6Y378
35,서귀포시,남원읍,50130253,W6Y379
36,서귀포시,남원읍,50130253,W6Y380
37,서귀포시,남원읍,50130253,W6Y381
38,서귀포시,남원읍,50130253,W6Y382
39,서귀포시,남원읍,50130253,W6Y383
40,서귀포시,남원읍,50130253,W6Y384
41,서귀포시,남원읍,50130253,W6Y385
42,서귀포시,남원읍,50130253,W6Y386
43,서귀포시,남원읍,50130253,W6Y387
44,서귀포시,남원읍,50130253,W6Y388
45,서귀포시,남원읍,50130253,W6Y389
46,서귀포시,남원읍,50130253,W6Y390
47,서귀포시,남원읍,50130253,W6Y391
48,서귀포시,남원읍,50130253,W6Y392
49,서귀포시,남원읍,50130253,W6Y393
50,서귀포시,남원읍,50130253,W6Y464
51,서귀포시,남원읍,50130253,W6Y46C
52,서귀포시,대륜동,50130590,W6Y033
53,서귀포시,대륜동,50130590,W6Y034
54,서귀포시,대륜동,50130590,W6Y035
55,서귀포시,대륜동,50130590,W6Y036
56,서귀포시,대륜동,50130590,W6Y051
57,서귀포시,대륜동,50130590,W6Y052
58,서귀포시,대륜동,50130590,W6Y153
59,서귀포시,대륜동,50130590,W6Y155
60,서귀포시,대륜동,50130590,W6Y156
61,서귀포시,대륜동,50130590,W6Y158
62,서귀포시,대륜동,50130590,W6Y159
63,서귀포시,대륜동,50130590,W6Y160
64,서귀포시,대륜동,50130590,W6Y161
65,서귀포시,대륜동,50130590,W6Y162
66,서귀포시,대륜동,50130590,W6Y163
67,서귀포시,대륜동,50130590,W6Y164
68,서귀포시,대륜동,50130590,W6Y165
69,서귀포시,대륜동,50130590,W6Y167
70,서귀포시,대륜동,50130590,W6Y168
71,서귀포시,대륜동,50130590,W6Y169
72,서귀포시,대륜동,50130590,W6Y170
73,서귀포시,대륜동,50130590,W6Y172
74,서귀포시,대륜동,50130590,W6Y173
75,서귀포시,대륜동,50130590,W6Y202
76,서귀포시,대륜동,50130590,W6Y218
77,서귀포시,대륜동,50130590,W6Y290
78,서귀포시,대륜동,50130590,W6Y307
79,서귀포시,대륜동,50130590,W6Y308
80,서귀포시,대륜동,50130590,W6Y316
81,서귀포시,대륜동,50130590,W6Y319
82,서귀포시,대륜동,50130590,W6Y455
83,서귀포시,대륜동,50130590,W6Y458
84,서귀포시,대륜동,50130590,W6Y46B
85,서귀포시,대륜동,50130590,W6Y654
86,서귀포시,대륜동,50130590,W6Y670
87,서귀포시,대륜동,50130590,W6Y685
88,서귀포시,대륜동,50130590,W6Y686
89,서귀포시,대륜동,50130590,W6Y693
90,서귀포시,대정읍,50130250,W6Y054
91,서귀포시,대정읍,50130250,W6Y300
92,서귀포시,대정읍,50130250,W6Y301
93,서귀포시,대정읍,50130250,W6Y302
94,서귀포시,대정읍,50130250,W6Y317
95,서귀포시,대정읍,50130250,W6Y411
96,서귀포시,대정읍,50130250,W6Y412
97,서귀포시,대정읍,50130250,W6Y413
98,서귀포시,대정읍,50130250,W6Y414
99,서귀포시,대정읍,50130250,W6Y415
100,서귀포시,대정읍,50130250,W6Y416
101,서귀포시,대정읍,50130250,W6Y417
102,서귀포시,대정읍,50130250,W6Y419
103,서귀포시,대정읍,50130250,W6Y420
104,서귀포시,대정읍,50130250,W6Y421
105,서귀포시,대정읍,50130250,W6Y422
106,서귀포시,대정읍,50130250,W6Y423
107,서귀포시,대정읍,50130250,W6Y424
108,서귀포시,대정읍,50130250,W6Y425
109,서귀포시,대정읍,50130250,W6Y426
110,서귀포시,대정읍,50130250,W6Y427
111,서귀포시,대정읍,50130250,W6Y448
112,서귀포시,대정읍,50130250,W6Y449
113,서귀포시,대정읍,50130250,W6Y450
114,서귀포시,대정읍,50130250,W6Y451
115,서귀포시,대정읍,50130250,W6Y452
116,서귀포시,대정읍,50130250,W6Y453
117,서귀포시,대정읍,50130250,W6Y456
118,서귀포시,대정읍,50130250,W6Y459
119,서귀포시,대정읍,50130250,W6Y461
120,서귀포시,대정읍,50130250,W6Y568
121,서귀포시,대정읍,50130250,W6Y608
122,서귀포시,대정읍,50130250,W6Y609
123,서귀포시,대정읍,50130250,W6Y610
124,서귀포시,대정읍,50130250,W6Y611
125,서귀포시,대정읍,50130250,W6Y612
126,서귀포시,대정읍,50130250,W6Y613
127,서귀포시,대정읍,50130250,W6Y614
128,서귀포시,대정읍,50130250,W6Y615
129,서귀포시,대정읍,50130250,W6Y616
130,서귀포시,대정읍,50130250,W6Y617
131,서귀포시,대정읍,50130250,W6Y618
132,서귀포시,대정읍,50130250,W6Y619
133,서귀포시,대정읍,50130250,W6Y620
134,서귀포시,대정읍,50130250,W6Y621
135,서귀포시,대정읍,50130250,W6Y622
136,서귀포시,대정읍,50130250,W6Y623
137,서귀포시,대정읍,50130250,W6Y624
138,서귀포시,대정읍,50130250,W6Y625
139,서귀포시,대정읍,50130250,W6Y626
140,서귀포시,대정읍,50130250,W6Y627
141,서귀포시,대정읍,50130250,W6Y628
142,서귀포시,대정읍,50130250,W6Y629
143,서귀포시,대정읍,50130250,W6Y630
144,서귀포시,대정읍,50130250,W6Y631
145,서귀포시,대정읍,50130250,W6Y632
146,서귀포시,대정읍,50130250,W6Y633
147,서귀포시,대정읍,50130250,W6Y634
148,서귀포시,대정읍,50130250,W6Y635
149,서귀포시,대정읍,50130250,W6Y636
150,서귀포시,대정읍,50130250,W6Y637
151,서귀포시,대정읍,50130250,W6Y638
152,서귀포시,대정읍,50130250,W6Y639
153,서귀포시,대정읍,50130250,W6Y640
154,서귀포시,대정읍,50130250,W6Y641
155,서귀포시,대정읍,50130250,W6Y642
156,서귀포시,대정읍,50130250,W6Y643
157,서귀포시,대정읍,50130250,W6Y644
158,서귀포시,대정읍,50130250,W6Y645
159,서귀포시,대정읍,50130250,W6Y646
160,서귀포시,대정읍,50130250,W6Y647
161,서귀포시,대정읍,50130250,W6Y648
162,서귀포시,대정읍,50130250,W6Y649
163,서귀포시,대정읍,50130250,W6Y650
164,서귀포시,대정읍,50130250,W6Y651
165,서귀포시,대정읍,50130250,W6Y659
166,서귀포시,대정읍,50130250,W6Y66A
167,서귀포시,대정읍,50130250,W6Y676
168,서귀포시,대정읍,50130250,W6Y691
169,서귀포시,대정읍,50130250,W6Y718
170,서귀포시,대정읍,50130250,W6Y71B
171,서귀포시,대정읍,50130250,W6Y71D
172,서귀포시,대정읍,50130250,W6Y722
173,서귀포시,대정읍,50130250,W6Y72A
174,서귀포시,대천동,50130600,W6Y030
175,서귀포시,대천동,50130600,W6Y031
176,서귀포시,대천동,50130600,W6Y032
177,서귀포시,대천동,50130600,W6Y049
178,서귀포시,대천동,50130600,W6Y050
179,서귀포시,대천동,50130600,W6Y143
180,서귀포시,대천동,50130600,W6Y151
181,서귀포시,대천동,50130600,W6Y174
182,서귀포시,대천동,50130600,W6Y175
183,서귀포시,대천동,50130600,W6Y176
184,서귀포시,대천동,50130600,W6Y177
185,서귀포시,대천동,50130600,W6Y178
186,서귀포시,대천동,50130600,W6Y179
187,서귀포시,대천동,50130600,W6Y180
188,서귀포시,대천동,50130600,W6Y181
189,서귀포시,대천동,50130600,W6Y182
190,서귀포시,대천동,50130600,W6Y183
191,서귀포시,대천동,50130600,W6Y184
192,서귀포시,대천동,50130600,W6Y185
193,서귀포시,대천동,50130600,W6Y186
194,서귀포시,대천동,50130600,W6Y187
195,서귀포시,대천동,50130600,W6Y188
196,서귀포시,대천동,50130600,W6Y189
197,서귀포시,대천동,50130600,W6Y190
198,서귀포시,대천동,50130600,W6Y191
199,서귀포시,대천동,50130600,W6Y192
200,서귀포시,대천동,50130600,W6Y193
201,서귀포시,대천동,50130600,W6Y194
202,서귀포시,대천동,50130600,W6Y196
203,서귀포시,대천동,50130600,W6Y197
204,서귀포시,대천동,50130600,W6Y327
205,서귀포시,대천동,50130600,W6Y329
206,서귀포시,대천동,50130600,W6Y331
207,서귀포시,대천동,50130600,W6Y332
208,서귀포시,대천동,50130600,W6Y673
209,서귀포시,대천동,50130600,W6Y687
210,서귀포시,대천동,50130600,W6Y689
211,서귀포시,동홍동,50130570,W6Y001
212,서귀포시,동홍동,50130570,W6Y002
213,서귀포시,동홍동,50130570,W6Y003
214,서귀포시,동홍동,50130570,W6Y004
215,서귀포시,동홍동,50130570,W6Y005
216,서귀포시,동홍동,50130570,W6Y006
217,서귀포시,동홍동,50130570,W6Y007
218,서귀포시,동홍동,50130570,W6Y008
219,서귀포시,동홍동,50130570,W6Y009
220,서귀포시,동홍동,50130570,W6Y010
221,서귀포시,동홍동,50130570,W6Y011
222,서귀포시,동홍동,50130570,W6Y015
223,서귀포시,동홍동,50130570,W6Y016
224,서귀포시,동홍동,50130570,W6Y017
225,서귀포시,동홍동,50130570,W6Y018
226,서귀포시,동홍동,50130570,W6Y046
227,서귀포시,동홍동,50130570,W6Y047
228,서귀포시,동홍동,50130570,W6Y109
229,서귀포시,동홍동,50130570,W6Y110
230,서귀포시,동홍동,50130570,W6Y111
231,서귀포시,동홍동,50130570,W6Y113
232,서귀포시,동홍동,50130570,W6Y114
233,서귀포시,동홍동,50130570,W6Y115
234,서귀포시,동홍동,50130570,W6Y116
235,서귀포시,동홍동,50130570,W6Y117
236,서귀포시,동홍동,50130570,W6Y118
237,서귀포시,동홍동,50130570,W6Y119
238,서귀포시,동홍동,50130570,W6Y120
239,서귀포시,동홍동,50130570,W6Y121
240,서귀포시,동홍동,50130570,W6Y122
241,서귀포시,동홍동,50130570,W6Y123
242,서귀포시,동홍동,50130570,W6Y124
243,서귀포시,동홍동,50130570,W6Y130
244,서귀포시,동홍동,50130570,W6Y131
245,서귀포시,동홍동,50130570,W6Y132
246,서귀포시,동홍동,50130570,W6Y133
247,서귀포시,동홍동,50130570,W6Y134
248,서귀포시,동홍동,50130570,W6Y135
249,서귀포시,동홍동,50130570,W6Y144
250,서귀포시,동홍동,50130570,W6Y201
251,서귀포시,동홍동,50130570,W6Y294
252,서귀포시,동홍동,50130570,W6Y303
253,서귀포시,동홍동,50130570,W6Y311
254,서귀포시,동홍동,50130570,W6Y312
255,서귀포시,동홍동,50130570,W6Y315
256,서귀포시,동홍동,50130570,W6Y318
257,서귀포시,동홍동,50130570,W6Y675
258,서귀포시,동홍동,50130570,W6Y701
259,서귀포시,동홍동,50130570,W6Y702
260,서귀포시,서홍동,50130580,W6Y019
261,서귀포시,서홍동,50130580,W6Y020
262,서귀포시,서홍동,50130580,W6Y021
263,서귀포시,서홍동,50130580,W6Y022
264,서귀포시,서홍동,50130580,W6Y023
265,서귀포시,서홍동,50130580,W6Y024
266,서귀포시,서홍동,50130580,W6Y025
267,서귀포시,서홍동,50130580,W6Y045
268,서귀포시,서홍동,50130580,W6Y104
269,서귀포시,서홍동,50130580,W6Y105
270,서귀포시,서홍동,50130580,W6Y106
271,서귀포시,서홍동,50130580,W6Y129
272,서귀포시,서홍동,50130580,W6Y142
273,서귀포시,서홍동,50130580,W6Y145
274,서귀포시,서홍동,50130580,W6Y146
275,서귀포시,서홍동,50130580,W6Y147
276,서귀포시,서홍동,50130580,W6Y148
277,서귀포시,서홍동,50130580,W6Y296
278,서귀포시,서홍동,50130580,W6Y320
279,서귀포시,서홍동,50130580,W6Y326
280,서귀포시,서홍동,50130580,W6Y465
281,서귀포시,서홍동,50130580,W6Y466
282,서귀포시,서홍동,50130580,W6Y669
283,서귀포시,서홍동,50130580,W6Y671
284,서귀포시,성산읍,50130259,W6Y394
285,서귀포시,성산읍,50130259,W6Y395
286,서귀포시,성산읍,50130259,W6Y396
287,서귀포시,성산읍,50130259,W6Y397
288,서귀포시,성산읍,50130259,W6Y399
289,서귀포시,성산읍,50130259,W6Y400
290,서귀포시,성산읍,50130259,W6Y470
291,서귀포시,성산읍,50130259,W6Y471
292,서귀포시,성산읍,50130259,W6Y472
293,서귀포시,성산읍,50130259,W6Y473
294,서귀포시,성산읍,50130259,W6Y474
295,서귀포시,성산읍,50130259,W6Y475
296,서귀포시,성산읍,50130259,W6Y476
297,서귀포시,성산읍,50130259,W6Y477
298,서귀포시,성산읍,50130259,W6Y478
299,서귀포시,성산읍,50130259,W6Y479
300,서귀포시,성산읍,50130259,W6Y480
301,서귀포시,성산읍,50130259,W6Y481
302,서귀포시,성산읍,50130259,W6Y482
303,서귀포시,성산읍,50130259,W6Y483
304,서귀포시,성산읍,50130259,W6Y484
305,서귀포시,성산읍,50130259,W6Y485
306,서귀포시,성산읍,50130259,W6Y486
307,서귀포시,성산읍,50130259,W6Y487
308,서귀포시,성산읍,50130259,W6Y488
309,서귀포시,성산읍,50130259,W6Y489
310,서귀포시,성산읍,50130259,W6Y490
311,서귀포시,성산읍,50130259,W6Y491
312,서귀포시,성산읍,50130259,W6Y492
313,서귀포시,성산읍,50130259,W6Y493
314,서귀포시,성산읍,50130259,W6Y494
315,서귀포시,성산읍,50130259,W6Y495
316,서귀포시,성산읍,50130259,W6Y496
317,서귀포시,성산읍,50130259,W6Y497
318,서귀포시,성산읍,50130259,W6Y498
319,서귀포시,성산읍,50130259,W6Y499
320,서귀포시,성산읍,50130259,W6Y500
321,서귀포시,성산읍,50130259,W6Y501
322,서귀포시,성산읍,50130259,W6Y502
323,서귀포시,성산읍,50130259,W6Y503
324,서귀포시,성산읍,50130259,W6Y504
325,서귀포시,성산읍,50130259,W6Y505
326,서귀포시,성산읍,50130259,W6Y506
327,서귀포시,성산읍,50130259,W6Y507
328,서귀포시,성산읍,50130259,W6Y508
329,서귀포시,성산읍,50130259,W6Y510
330,서귀포시,성산읍,50130259,W6Y511
331,서귀포시,성산읍,50130259,W6Y512
332,서귀포시,성산읍,50130259,W6Y513
333,서귀포시,성산읍,50130259,W6Y514
334,서귀포시,성산읍,50130259,W6Y515
335,서귀포시,성산읍,50130259,W6Y516
336,서귀포시,성산읍,50130259,W6Y517
337,서귀포시,성산읍,50130259,W6Y518
338,서귀포시,성산읍,50130259,W6Y519
339,서귀포시,성산읍,50130259,W6Y520
340,서귀포시,성산읍,50130259,W6Y521
341,서귀포시,성산읍,50130259,W6Y523
342,서귀포시,성산읍,50130259,W6Y525
343,서귀포시,성산읍,50130259,W6Y526
344,서귀포시,성산읍,50130259,W6Y569
345,서귀포시,성산읍,50130259,W6Y652
346,서귀포시,성산읍,50130259,W6Y653
347,서귀포시,성산읍,50130259,W6Y696
348,서귀포시,성산읍,50130259,W6Y725
349,서귀포시,성산읍,50130259,W6Y726
350,서귀포시,성산읍,50130259,W6Y727
351,서귀포시,성산읍,50130259,W6Y728
352,서귀포시,성산읍,50130259,W6Y729
353,서귀포시,송산동,50130510,W6Y026
354,서귀포시,송산동,50130510,W6Y090
355,서귀포시,송산동,50130510,W6Y091
356,서귀포시,송산동,50130510,W6Y093
357,서귀포시,송산동,50130510,W6Y094
358,서귀포시,송산동,50130510,W6Y095
359,서귀포시,송산동,50130510,W6Y096
360,서귀포시,송산동,50130510,W6Y097
361,서귀포시,송산동,50130510,W6Y098
362,서귀포시,송산동,50130510,W6Y101
363,서귀포시,송산동,50130510,W6Y103
364,서귀포시,송산동,50130510,W6Y107
365,서귀포시,송산동,50130510,W6Y136
366,서귀포시,송산동,50130510,W6Y137
367,서귀포시,송산동,50130510,W6Y138
368,서귀포시,송산동,50130510,W6Y139
369,서귀포시,송산동,50130510,W6Y140
370,서귀포시,송산동,50130510,W6Y141
371,서귀포시,송산동,50130510,W6Y677
372,서귀포시,송산동,50130510,W6Y717
373,서귀포시,안덕면,50130310,W6Y330
374,서귀포시,안덕면,50130310,W6Y429
375,서귀포시,안덕면,50130310,W6Y431
376,서귀포시,안덕면,50130310,W6Y432
377,서귀포시,안덕면,50130310,W6Y433
378,서귀포시,안덕면,50130310,W6Y434
379,서귀포시,안덕면,50130310,W6Y435
380,서귀포시,안덕면,50130310,W6Y436
381,서귀포시,안덕면,50130310,W6Y437
382,서귀포시,안덕면,50130310,W6Y438
383,서귀포시,안덕면,50130310,W6Y439
384,서귀포시,안덕면,50130310,W6Y440
385,서귀포시,안덕면,50130310,W6Y441
386,서귀포시,안덕면,50130310,W6Y442
387,서귀포시,안덕면,50130310,W6Y443
388,서귀포시,안덕면,50130310,W6Y444
389,서귀포시,안덕면,50130310,W6Y445
390,서귀포시,안덕면,50130310,W6Y446
391,서귀포시,안덕면,50130310,W6Y447
392,서귀포시,안덕면,50130310,W6Y457
393,서귀포시,안덕면,50130310,W6Y46A
394,서귀포시,안덕면,50130310,W6Y570
395,서귀포시,안덕면,50130310,W6Y571
396,서귀포시,안덕면,50130310,W6Y572
397,서귀포시,안덕면,50130310,W6Y573
398,서귀포시,안덕면,50130310,W6Y574
399,서귀포시,안덕면,50130310,W6Y575
400,서귀포시,안덕면,50130310,W6Y576
401,서귀포시,안덕면,50130310,W6Y577
402,서귀포시,안덕면,50130310,W6Y578
403,서귀포시,안덕면,50130310,W6Y579
404,서귀포시,안덕면,50130310,W6Y580
405,서귀포시,안덕면,50130310,W6Y581
406,서귀포시,안덕면,50130310,W6Y582
407,서귀포시,안덕면,50130310,W6Y583
408,서귀포시,안덕면,50130310,W6Y584
409,서귀포시,안덕면,50130310,W6Y585
410,서귀포시,안덕면,50130310,W6Y586
411,서귀포시,안덕면,50130310,W6Y587
412,서귀포시,안덕면,50130310,W6Y588
413,서귀포시,안덕면,50130310,W6Y589
414,서귀포시,안덕면,50130310,W6Y590
415,서귀포시,안덕면,50130310,W6Y591
416,서귀포시,안덕면,50130310,W6Y592
417,서귀포시,안덕면,50130310,W6Y593
418,서귀포시,안덕면,50130310,W6Y594
419,서귀포시,안덕면,50130310,W6Y595
420,서귀포시,안덕면,50130310,W6Y596
421,서귀포시,안덕면,50130310,W6Y597
422,서귀포시,안덕면,50130310,W6Y598
423,서귀포시,안덕면,50130310,W6Y599
424,서귀포시,안덕면,50130310,W6Y600
425,서귀포시,안덕면,50130310,W6Y601
426,서귀포시,안덕면,50130310,W6Y602
427,서귀포시,안덕면,50130310,W6Y603
428,서귀포시,안덕면,50130310,W6Y604
429,서귀포시,안덕면,50130310,W6Y605
430,서귀포시,안덕면,50130310,W6Y606
431,서귀포시,안덕면,50130310,W6Y607
432,서귀포시,안덕면,50130310,W6Y658
433,서귀포시,안덕면,50130310,W6Y674
434,서귀포시,안덕면,50130310,W6Y71E
435,서귀포시,안덕면,50130310,W6Y71F
436,서귀포시,안덕면,50130310,W6Y720
437,서귀포시,안덕면,50130310,W6Y721
438,서귀포시,안덕면,50130310,W6Y72B
439,서귀포시,안덕면,50130310,W6Y72C
440,서귀포시,영천동,50130560,W6Y029
441,서귀포시,영천동,50130560,W6Y149
442,서귀포시,영천동,50130560,W6Y203
443,서귀포시,영천동,50130560,W6Y204
444,서귀포시,영천동,50130560,W6Y205
445,서귀포시,영천동,50130560,W6Y207
446,서귀포시,영천동,50130560,W6Y208
447,서귀포시,영천동,50130560,W6Y209
448,서귀포시,영천동,50130560,W6Y210
449,서귀포시,영천동,50130560,W6Y211
450,서귀포시,영천동,50130560,W6Y212
451,서귀포시,영천동,50130560,W6Y213
452,서귀포시,영천동,50130560,W6Y214
453,서귀포시,영천동,50130560,W6Y215
454,서귀포시,영천동,50130560,W6Y216
455,서귀포시,영천동,50130560,W6Y217
456,서귀포시,영천동,50130560,W6Y270
457,서귀포시,영천동,50130560,W6Y272
458,서귀포시,영천동,50130560,W6Y273
459,서귀포시,영천동,50130560,W6Y274
460,서귀포시,영천동,50130560,W6Y275
461,서귀포시,영천동,50130560,W6Y297
462,서귀포시,영천동,50130560,W6Y298
463,서귀포시,영천동,50130560,W6Y304
464,서귀포시,영천동,50130560,W6Y306
465,서귀포시,영천동,50130560,W6Y454
466,서귀포시,영천동,50130560,W6Y660
467,서귀포시,영천동,50130560,W6Y661
468,서귀포시,영천동,50130560,W6Y662
469,서귀포시,영천동,50130560,W6Y663
470,서귀포시,영천동,50130560,W6Y664
471,서귀포시,영천동,50130560,W6Y665
472,서귀포시,영천동,50130560,W6Y666
473,서귀포시,영천동,50130560,W6Y667
474,서귀포시,영천동,50130560,W6Y668
475,서귀포시,예래동,50130620,W6Y241
476,서귀포시,예래동,50130620,W6Y242
477,서귀포시,예래동,50130620,W6Y243
478,서귀포시,예래동,50130620,W6Y244
479,서귀포시,예래동,50130620,W6Y245
480,서귀포시,예래동,50130620,W6Y246
481,서귀포시,예래동,50130620,W6Y247
482,서귀포시,예래동,50130620,W6Y248
483,서귀포시,예래동,50130620,W6Y249
484,서귀포시,예래동,50130620,W6Y250
485,서귀포시,예래동,50130620,W6Y251
486,서귀포시,예래동,50130620,W6Y252
487,서귀포시,예래동,50130620,W6Y253
488,서귀포시,예래동,50130620,W6Y254
489,서귀포시,예래동,50130620,W6Y255
490,서귀포시,예래동,50130620,W6Y256
491,서귀포시,예래동,50130620,W6Y257
492,서귀포시,예래동,50130620,W6Y72D
493,서귀포시,정방동,50130520,W6Y028
494,서귀포시,정방동,50130520,W6Y057
495,서귀포시,정방동,50130520,W6Y058
496,서귀포시,정방동,50130520,W6Y059
497,서귀포시,정방동,50130520,W6Y060
498,서귀포시,정방동,50130520,W6Y062
499,서귀포시,정방동,50130520,W6Y063
500,서귀포시,정방동,50130520,W6Y064
501,서귀포시,정방동,50130520,W6Y065
502,서귀포시,정방동,50130520,W6Y067
503,서귀포시,중문동,50130610,W6Y037
504,서귀포시,중문동,50130610,W6Y038
505,서귀포시,중문동,50130610,W6Y039
506,서귀포시,중문동,50130610,W6Y040
507,서귀포시,중문동,50130610,W6Y041
508,서귀포시,중문동,50130610,W6Y042
509,서귀포시,중문동,50130610,W6Y043
510,서귀포시,중문동,50130610,W6Y053
511,서귀포시,중문동,50130610,W6Y198
512,서귀포시,중문동,50130610,W6Y199
513,서귀포시,중문동,50130610,W6Y200
514,서귀포시,중문동,50130610,W6Y220
515,서귀포시,중문동,50130610,W6Y221
516,서귀포시,중문동,50130610,W6Y222
517,서귀포시,중문동,50130610,W6Y223
518,서귀포시,중문동,50130610,W6Y224
519,서귀포시,중문동,50130610,W6Y226
520,서귀포시,중문동,50130610,W6Y227
521,서귀포시,중문동,50130610,W6Y228
522,서귀포시,중문동,50130610,W6Y229
523,서귀포시,중문동,50130610,W6Y230
524,서귀포시,중문동,50130610,W6Y231
525,서귀포시,중문동,50130610,W6Y232
526,서귀포시,중문동,50130610,W6Y233
527,서귀포시,중문동,50130610,W6Y234
528,서귀포시,중문동,50130610,W6Y235
529,서귀포시,중문동,50130610,W6Y237
530,서귀포시,중문동,50130610,W6Y238
531,서귀포시,중문동,50130610,W6Y239
532,서귀포시,중문동,50130610,W6Y240
533,서귀포시,중문동,50130610,W6Y291
534,서귀포시,중문동,50130610,W6Y292
535,서귀포시,중문동,50130610,W6Y305
536,서귀포시,중문동,50130610,W6Y314
537,서귀포시,중문동,50130610,W6Y321
538,서귀포시,중문동,50130610,W6Y328
539,서귀포시,중문동,50130610,W6Y460
540,서귀포시,중문동,50130610,W6Y462
541,서귀포시,중문동,50130610,W6Y655
542,서귀포시,중문동,50130610,W6Y656
543,서귀포시,중문동,50130610,W6Y678
544,서귀포시,중문동,50130610,W6Y703
545,서귀포시,중앙동,50130530,W6Y069
546,서귀포시,중앙동,50130530,W6Y070
547,서귀포시,중앙동,50130530,W6Y071
548,서귀포시,중앙동,50130530,W6Y072
549,서귀포시,중앙동,50130530,W6Y074
550,서귀포시,천지동,50130540,W6Y075
551,서귀포시,천지동,50130540,W6Y078
552,서귀포시,천지동,50130540,W6Y079
553,서귀포시,천지동,50130540,W6Y081
554,서귀포시,천지동,50130540,W6Y082
555,서귀포시,천지동,50130540,W6Y083
556,서귀포시,천지동,50130540,W6Y084
557,서귀포시,천지동,50130540,W6Y085
558,서귀포시,천지동,50130540,W6Y086
559,서귀포시,천지동,50130540,W6Y087
560,서귀포시,천지동,50130540,W6Y313
561,서귀포시,표선면,50130320,W6Y401
562,서귀포시,표선면,50130320,W6Y403
563,서귀포시,표선면,50130320,W6Y404
564,서귀포시,표선면,50130320,W6Y405
565,서귀포시,표선면,50130320,W6Y406
566,서귀포시,표선면,50130320,W6Y408
567,서귀포시,표선면,50130320,W6Y410
568,서귀포시,표선면,50130320,W6Y527
569,서귀포시,표선면,50130320,W6Y528
570,서귀포시,표선면,50130320,W6Y529
571,서귀포시,표선면,50130320,W6Y530
572,서귀포시,표선면,50130320,W6Y531
573,서귀포시,표선면,50130320,W6Y532
574,서귀포시,표선면,50130320,W6Y533
575,서귀포시,표선면,50130320,W6Y534
576,서귀포시,표선면,50130320,W6Y535
577,서귀포시,표선면,50130320,W6Y536
578,서귀포시,표선면,50130320,W6Y537
579,서귀포시,표선면,50130320,W6Y538
580,서귀포시,표선면,50130320,W6Y539
581,서귀포시,표선면,50130320,W6Y540
582,서귀포시,표선면,50130320,W6Y541
583,서귀포시,표선면,50130320,W6Y542
584,서귀포시,표선면,50130320,W6Y543
585,서귀포시,표선면,50130320,W6Y544
586,서귀포시,표선면,50130320,W6Y545
587,서귀포시,표선면,50130320,W6Y546
588,서귀포시,표선면,50130320,W6Y547
589,서귀포시,표선면,50130320,W6Y548
590,서귀포시,표선면,50130320,W6Y549
591,서귀포시,표선면,50130320,W6Y550
592,서귀포시,표선면,50130320,W6Y551
593,서귀포시,표선면,50130320,W6Y552
594,서귀포시,표선면,50130320,W6Y553
595,서귀포시,표선면,50130320,W6Y554
596,서귀포시,표선면,50130320,W6Y555
597,서귀포시,표선면,50130320,W6Y556
598,서귀포시,표선면,50130320,W6Y557
599,서귀포시,표선면,50130320,W6Y558
600,서귀포시,표선면,50130320,W6Y559
601,서귀포시,표선면,50130320,W6Y560
602,서귀포시,표선면,50130320,W6Y561
603,서귀포시,표선면,50130320,W6Y562
604,서귀포시,표선면,50130320,W6Y563
605,서귀포시,표선면,50130320,W6Y564
606,서귀포시,표선면,50130320,W6Y565
607,서귀포시,표선면,50130320,W6Y566
608,서귀포시,효돈동,50130550,W6Y259
609,서귀포시,효돈동,50130550,W6Y260
610,서귀포시,효돈동,50130550,W6Y261
611,서귀포시,효돈동,50130550,W6Y262
612,서귀포시,효돈동,50130550,W6Y263
613,서귀포시,효돈동,50130550,W6Y264
614,서귀포시,효돈동,50130550,W6Y265
615,서귀포시,효돈동,50130550,W6Y266
616,서귀포시,효돈동,50130550,W6Y267
617,서귀포시,효돈동,50130550,W6Y268
618,서귀포시,효돈동,50130550,W6Y276
619,서귀포시,효돈동,50130550,W6Y277
620,서귀포시,효돈동,50130550,W6Y278
621,서귀포시,효돈동,50130550,W6Y279
622,서귀포시,효돈동,50130550,W6Y280
623,서귀포시,효돈동,50130550,W6Y281
624,서귀포시,효돈동,50130550,W6Y282
625,서귀포시,효돈동,50130550,W6Y284
626,서귀포시,효돈동,50130550,W6Y285
627,서귀포시,효돈동,50130550,W6Y287
628,서귀포시,효돈동,50130550,W6Y289
629,서귀포시,효돈동,50130550,W6Y293
630,제주시,건입동,50110590,W6X001
631,제주시,건입동,50110590,W6X058
632,제주시,건입동,50110590,W6X164
633,제주시,건입동,50110590,W6X364
634,제주시,건입동,50110590,W6X365
635,제주시,건입동,50110590,W6X366
636,제주시,건입동,50110590,W6X367
637,제주시,건입동,50110590,W6X368
638,제주시,건입동,50110590,W6X369
639,제주시,건입동,50110590,W6X370
640,제주시,건입동,50110590,W6X371
641,제주시,건입동,50110590,W6X372
642,제주시,건입동,50110590,W6X373
643,제주시,건입동,50110590,W6X374
644,제주시,건입동,50110590,W6X375
645,제주시,건입동,50110590,W6X376
646,제주시,건입동,50110590,W6X377
647,제주시,건입동,50110590,W6X378
648,제주시,건입동,50110590,W6X379
649,제주시,건입동,50110590,W6X380
650,제주시,건입동,50110590,W6X381
651,제주시,건입동,50110590,W6X382
652,제주시,건입동,50110590,W6X383
653,제주시,건입동,50110590,W6X384
654,제주시,건입동,50110590,W6X385
655,제주시,건입동,50110590,W6X386
656,제주시,건입동,50110590,W6X387
657,제주시,건입동,50110590,W6X388
658,제주시,건입동,50110590,W6X389
659,제주시,건입동,50110590,W6XA60
660,제주시,건입동,50110590,W6XAA5
661,제주시,건입동,50110590,W6XAA6
662,제주시,구좌읍,50110256,W6X1AF
663,제주시,구좌읍,50110256,W6X1BA
664,제주시,구좌읍,50110256,W6XE01
665,제주시,구좌읍,50110256,W6XE02
666,제주시,구좌읍,50110256,W6XE03
667,제주시,구좌읍,50110256,W6XE04
668,제주시,구좌읍,50110256,W6XE05
669,제주시,구좌읍,50110256,W6XE07
670,제주시,구좌읍,50110256,W6XE08
671,제주시,구좌읍,50110256,W6XE09
672,제주시,구좌읍,50110256,W6XE10
673,제주시,구좌읍,50110256,W6XE11
674,제주시,구좌읍,50110256,W6XE12
675,제주시,구좌읍,50110256,W6XE13
676,제주시,구좌읍,50110256,W6XE14
677,제주시,구좌읍,50110256,W6XE15
678,제주시,구좌읍,50110256,W6XE16
679,제주시,구좌읍,50110256,W6XE17
680,제주시,구좌읍,50110256,W6XE18
681,제주시,구좌읍,50110256,W6XE19
682,제주시,구좌읍,50110256,W6XE20
683,제주시,구좌읍,50110256,W6XE21
684,제주시,구좌읍,50110256,W6XE22
685,제주시,구좌읍,50110256,W6XE23
686,제주시,구좌읍,50110256,W6XE24
687,제주시,구좌읍,50110256,W6XE25
688,제주시,구좌읍,50110256,W6XE26
689,제주시,구좌읍,50110256,W6XE27
690,제주시,구좌읍,50110256,W6XE28
691,제주시,구좌읍,50110256,W6XE29
692,제주시,구좌읍,50110256,W6XE30
693,제주시,구좌읍,50110256,W6XE31
694,제주시,구좌읍,50110256,W6XE32
695,제주시,구좌읍,50110256,W6XE33
696,제주시,구좌읍,50110256,W6XE34
697,제주시,구좌읍,50110256,W6XE35
698,제주시,구좌읍,50110256,W6XE36
699,제주시,구좌읍,50110256,W6XE37
700,제주시,구좌읍,50110256,W6XE38
701,제주시,구좌읍,50110256,W6XE40
702,제주시,구좌읍,50110256,W6XE41
703,제주시,구좌읍,50110256,W6XE42
704,제주시,구좌읍,50110256,W6XE43
705,제주시,구좌읍,50110256,W6XE44
706,제주시,구좌읍,50110256,W6XE45
707,제주시,구좌읍,50110256,W6XE46
708,제주시,구좌읍,50110256,W6XE47
709,제주시,구좌읍,50110256,W6XE48
710,제주시,구좌읍,50110256,W6XE49
711,제주시,구좌읍,50110256,W6XE50
712,제주시,구좌읍,50110256,W6XE51
713,제주시,구좌읍,50110256,W6XE52
714,제주시,구좌읍,50110256,W6XE53
715,제주시,구좌읍,50110256,W6XE54
716,제주시,구좌읍,50110256,W6XE55
717,제주시,구좌읍,50110256,W6XE56
718,제주시,구좌읍,50110256,W6XE57
719,제주시,구좌읍,50110256,W6XE58
720,제주시,구좌읍,50110256,W6XE59
721,제주시,구좌읍,50110256,W6XE60
722,제주시,구좌읍,50110256,W6XE61
723,제주시,구좌읍,50110256,W6XE62
724,제주시,구좌읍,50110256,W6XF9B
725,제주시,구좌읍,50110256,W6XF9C
726,제주시,구좌읍,50110256,W6XFA4
727,제주시,구좌읍,50110256,W6XFA5
728,제주시,구좌읍,50110256,W6XFA6
729,제주시,구좌읍,50110256,W6XFA7
730,제주시,구좌읍,50110256,W6XFA8
731,제주시,구좌읍,50110256,W6XFA9
732,제주시,구좌읍,50110256,W6XFB1
733,제주시,구좌읍,50110256,W6XFB2
734,제주시,구좌읍,50110256,W6XFB3
735,제주시,구좌읍,50110256,W6XFB4
736,제주시,구좌읍,50110256,W6XFB5
737,제주시,구좌읍,50110256,W6XFB6
738,제주시,구좌읍,50110256,W6XFB7
739,제주시,구좌읍,50110256,W6XFB8
740,제주시,구좌읍,50110256,W6XFB9
741,제주시,구좌읍,50110256,W6XFC1
742,제주시,구좌읍,50110256,W6XFC2
743,제주시,구좌읍,50110256,W6XFC3
744,제주시,구좌읍,50110256,W6XFC4
745,제주시,구좌읍,50110256,W6XFC5
746,제주시,구좌읍,50110256,W6XFC6
747,제주시,구좌읍,50110256,W6XFC7
748,제주시,구좌읍,50110256,W6XFC8
749,제주시,구좌읍,50110256,W6XFC9
750,제주시,구좌읍,50110256,W6XFD1
751,제주시,구좌읍,50110256,W6XFD3
752,제주시,구좌읍,50110256,W6XFD4
753,제주시,구좌읍,50110256,W6XFD5
754,제주시,구좌읍,50110256,W6XFD6
755,제주시,구좌읍,50110256,W6XFD7
756,제주시,구좌읍,50110256,W6XFD8
757,제주시,구좌읍,50110256,W6XFD9
758,제주시,구좌읍,50110256,W6XFE1
759,제주시,구좌읍,50110256,W6XFE2
760,제주시,구좌읍,50110256,W6XFE3
761,제주시,구좌읍,50110256,W6XFE4
762,제주시,구좌읍,50110256,W6XFE5
763,제주시,구좌읍,50110256,W6XFE6
764,제주시,구좌읍,50110256,W6XFE7
765,제주시,구좌읍,50110256,W6XFE8
766,제주시,구좌읍,50110256,W6XFE9
767,제주시,구좌읍,50110256,W6XFF1
768,제주시,노형동,50110660,W6X002
769,제주시,노형동,50110660,W6X003
770,제주시,노형동,50110660,W6X004
771,제주시,노형동,50110660,W6X029
772,제주시,노형동,50110660,W6X030
773,제주시,노형동,50110660,W6X031
774,제주시,노형동,50110660,W6X032
775,제주시,노형동,50110660,W6X033
776,제주시,노형동,50110660,W6X034
777,제주시,노형동,50110660,W6X039
778,제주시,노형동,50110660,W6X119
779,제주시,노형동,50110660,W6X120
780,제주시,노형동,50110660,W6X121
781,제주시,노형동,50110660,W6X122
782,제주시,노형동,50110660,W6X123
783,제주시,노형동,50110660,W6X124
784,제주시,노형동,50110660,W6X227
785,제주시,노형동,50110660,W6X233
786,제주시,노형동,50110660,W6X234
787,제주시,노형동,50110660,W6X770
788,제주시,노형동,50110660,W6X771
789,제주시,노형동,50110660,W6X772
790,제주시,노형동,50110660,W6X773
791,제주시,노형동,50110660,W6X774
792,제주시,노형동,50110660,W6X775
793,제주시,노형동,50110660,W6X776
794,제주시,노형동,50110660,W6X777
795,제주시,노형동,50110660,W6X778
796,제주시,노형동,50110660,W6X779
797,제주시,노형동,50110660,W6X780
798,제주시,노형동,50110660,W6X781
799,제주시,노형동,50110660,W6X782
800,제주시,노형동,50110660,W6X783
801,제주시,노형동,50110660,W6X784
802,제주시,노형동,50110660,W6X785
803,제주시,노형동,50110660,W6X786
804,제주시,노형동,50110660,W6X788
805,제주시,노형동,50110660,W6X789
806,제주시,노형동,50110660,W6X790
807,제주시,노형동,50110660,W6X791
808,제주시,노형동,50110660,W6X792
809,제주시,노형동,50110660,W6X793
810,제주시,노형동,50110660,W6X794
811,제주시,노형동,50110660,W6X795
812,제주시,노형동,50110660,W6X796
813,제주시,노형동,50110660,W6X797
814,제주시,노형동,50110660,W6X798
815,제주시,노형동,50110660,W6X799
816,제주시,노형동,50110660,W6X800
817,제주시,노형동,50110660,W6X801
818,제주시,노형동,50110660,W6X802
819,제주시,노형동,50110660,W6X803
820,제주시,노형동,50110660,W6X804
821,제주시,노형동,50110660,W6X805
822,제주시,노형동,50110660,W6X806
823,제주시,노형동,50110660,W6X807
824,제주시,노형동,50110660,W6X808
825,제주시,노형동,50110660,W6X809
826,제주시,노형동,50110660,W6X810
827,제주시,노형동,50110660,W6X811
828,제주시,노형동,50110660,W6X812
829,제주시,노형동,50110660,W6X813
830,제주시,노형동,50110660,W6X814
831,제주시,노형동,50110660,W6X815
832,제주시,노형동,50110660,W6X816
833,제주시,노형동,50110660,W6X817
834,제주시,노형동,50110660,W6X818
835,제주시,노형동,50110660,W6X819
836,제주시,노형동,50110660,W6X820
837,제주시,노형동,50110660,W6X821
838,제주시,노형동,50110660,W6X822
839,제주시,노형동,50110660,W6X823
840,제주시,노형동,50110660,W6X824
841,제주시,노형동,50110660,W6X825
842,제주시,노형동,50110660,W6X826
843,제주시,노형동,50110660,W6X827
844,제주시,노형동,50110660,W6X828
845,제주시,노형동,50110660,W6X829
846,제주시,노형동,50110660,W6X830
847,제주시,노형동,50110660,W6X831
848,제주시,노형동,50110660,W6X832
849,제주시,노형동,50110660,W6X833
850,제주시,노형동,50110660,W6X834
851,제주시,노형동,50110660,W6X835
852,제주시,노형동,50110660,W6X836
853,제주시,노형동,50110660,W6X837
854,제주시,노형동,50110660,W6X838
855,제주시,노형동,50110660,W6X839
856,제주시,노형동,50110660,W6X840
857,제주시,노형동,50110660,W6X841
858,제주시,노형동,50110660,W6X842
859,제주시,노형동,50110660,W6X843
860,제주시,노형동,50110660,W6X844
861,제주시,노형동,50110660,W6X845
862,제주시,노형동,50110660,W6X846
863,제주시,노형동,50110660,W6X847
864,제주시,노형동,50110660,W6X848
865,제주시,노형동,50110660,W6X849
866,제주시,노형동,50110660,W6X850
867,제주시,노형동,50110660,W6X851
868,제주시,노형동,50110660,W6X852
869,제주시,노형동,50110660,W6X853
870,제주시,노형동,50110660,W6X854
871,제주시,노형동,50110660,W6X855
872,제주시,노형동,50110660,W6X856
873,제주시,노형동,50110660,W6X857
874,제주시,노형동,50110660,W6X858
875,제주시,노형동,50110660,W6X859
876,제주시,노형동,50110660,W6X860
877,제주시,노형동,50110660,W6X861
878,제주시,노형동,50110660,W6X862
879,제주시,노형동,50110660,W6X987
880,제주시,노형동,50110660,W6XA38
881,제주시,노형동,50110660,W6XA39
882,제주시,노형동,50110660,W6XA40
883,제주시,노형동,50110660,W6XA41
884,제주시,노형동,50110660,W6XA42
885,제주시,노형동,50110660,W6XA43
886,제주시,노형동,50110660,W6XA44
887,제주시,노형동,50110660,W6XA45
888,제주시,노형동,50110660,W6XA46
889,제주시,노형동,50110660,W6XA47
890,제주시,노형동,50110660,W6XA48
891,제주시,노형동,50110660,W6XA49
892,제주시,노형동,50110660,W6XA88
893,제주시,노형동,50110660,W6XA89
894,제주시,노형동,50110660,W6XA90
895,제주시,노형동,50110660,W6XA91
896,제주시,노형동,50110660,W6XA92
897,제주시,노형동,50110660,W6XB10
898,제주시,노형동,50110660,W6XB27
899,제주시,노형동,50110660,W6XB28
900,제주시,노형동,50110660,W6XB34
901,제주시,노형동,50110660,W6XB36
902,제주시,노형동,50110660,W6XB37
903,제주시,노형동,50110660,W6XB38
904,제주시,노형동,50110660,W6XB39
905,제주시,노형동,50110660,W6XB40
906,제주시,노형동,50110660,W6XB41
907,제주시,노형동,50110660,W6XB42
908,제주시,노형동,50110660,W6XB43
909,제주시,노형동,50110660,W6XB74
910,제주시,노형동,50110660,W6XB75
911,제주시,노형동,50110660,W6XB76
912,제주시,노형동,50110660,W6XB77
913,제주시,노형동,50110660,W6XB81
914,제주시,노형동,50110660,W6XB83
915,제주시,노형동,50110660,W6XB84
916,제주시,노형동,50110660,W6XB85
917,제주시,노형동,50110660,W6XB86
918,제주시,노형동,50110660,W6XB87
919,제주시,노형동,50110660,W6XB88
920,제주시,노형동,50110660,W6XB89
921,제주시,노형동,50110660,W6XB90
922,제주시,노형동,50110660,W6XB91
923,제주시,노형동,50110660,W6XB92
924,제주시,노형동,50110660,W6XB93
925,제주시,노형동,50110660,W6XB94
926,제주시,노형동,50110660,W6XB95
927,제주시,노형동,50110660,W6XB96
928,제주시,노형동,50110660,W6XC68
929,제주시,노형동,50110660,W6XC76
930,제주시,노형동,50110660,W6XC77
931,제주시,노형동,50110660,W6XC82
932,제주시,노형동,50110660,W6XC83
933,제주시,노형동,50110660,W6XC96
934,제주시,노형동,50110660,W6XC97
935,제주시,노형동,50110660,W6XD00
936,제주시,노형동,50110660,W6XD04
937,제주시,노형동,50110660,W6XD05
938,제주시,노형동,50110660,W6XD08
939,제주시,도두동,50110690,W6X038
940,제주시,도두동,50110690,W6X071
941,제주시,도두동,50110690,W6X751
942,제주시,도두동,50110690,W6X752
943,제주시,도두동,50110690,W6X753
944,제주시,도두동,50110690,W6X754
945,제주시,도두동,50110690,W6X755
946,제주시,도두동,50110690,W6X756
947,제주시,도두동,50110690,W6X757
948,제주시,도두동,50110690,W6X758
949,제주시,도두동,50110690,W6X759
950,제주시,도두동,50110690,W6X760
951,제주시,도두동,50110690,W6X761
952,제주시,도두동,50110690,W6X762
953,제주시,도두동,50110690,W6X763
954,제주시,도두동,50110690,W6X764
955,제주시,도두동,50110690,W6X765
956,제주시,도두동,50110690,W6X766
957,제주시,도두동,50110690,W6X767
958,제주시,도두동,50110690,W6XA83
959,제주시,도두동,50110690,W6XAC3
960,제주시,도두동,50110690,W6XAC4
961,제주시,도두동,50110690,W6XAC8
962,제주시,도두동,50110690,W6XB47
963,제주시,도두동,50110690,W6XB98
964,제주시,도두동,50110690,W6XC85
965,제주시,봉개동,50110620,W6X027
966,제주시,봉개동,50110620,W6X087
967,제주시,봉개동,50110620,W6X240
968,제주시,봉개동,50110620,W6X241
969,제주시,봉개동,50110620,W6X242
970,제주시,봉개동,50110620,W6X243
971,제주시,봉개동,50110620,W6X244
972,제주시,봉개동,50110620,W6X245
973,제주시,봉개동,50110620,W6X246
974,제주시,봉개동,50110620,W6X247
975,제주시,봉개동,50110620,W6X248
976,제주시,봉개동,50110620,W6X249
977,제주시,봉개동,50110620,W6X250
978,제주시,봉개동,50110620,W6X251
979,제주시,봉개동,50110620,W6X252
980,제주시,봉개동,50110620,W6X253
981,제주시,봉개동,50110620,W6X254
982,제주시,봉개동,50110620,W6X255
983,제주시,봉개동,50110620,W6X256
984,제주시,봉개동,50110620,W6X257
985,제주시,봉개동,50110620,W6X258
986,제주시,봉개동,50110620,W6X259
987,제주시,봉개동,50110620,W6XA68
988,제주시,봉개동,50110620,W6XAA3
989,제주시,봉개동,50110620,W6XB97
990,제주시,봉개동,50110620,W6XC57
991,제주시,봉개동,50110620,W6XC60
992,제주시,봉개동,50110620,W6XC81
993,제주시,봉개동,50110620,W6XC89
994,제주시,봉개동,50110620,W6XC93
995,제주시,봉개동,50110620,W6XC98
996,제주시,봉개동,50110620,W6XC9F
997,제주시,삼도이동,50110560,W6X129
998,제주시,삼도이동,50110560,W6X130
999,제주시,삼도이동,50110560,W6X131
1000,제주시,삼도이동,50110560,W6X132
1001,제주시,삼도이동,50110560,W6X133
1002,제주시,삼도이동,50110560,W6X134
1003,제주시,삼도이동,50110560,W6X135
1004,제주시,삼도이동,50110560,W6X136
1005,제주시,삼도이동,50110560,W6X137
1006,제주시,삼도이동,50110560,W6X138
1007,제주시,삼도이동,50110560,W6X139
1008,제주시,삼도이동,50110560,W6X140
1009,제주시,삼도이동,50110560,W6X141
1010,제주시,삼도이동,50110560,W6X142
1011,제주시,삼도이동,50110560,W6X143
1012,제주시,삼도이동,50110560,W6X144
1013,제주시,삼도이동,50110560,W6X145
1014,제주시,삼도이동,50110560,W6X146
1015,제주시,삼도이동,50110560,W6X147
1016,제주시,삼도이동,50110560,W6X148
1017,제주시,삼도이동,50110560,W6X149
1018,제주시,삼도이동,50110560,W6X150
1019,제주시,삼도이동,50110560,W6X151
1020,제주시,삼도이동,50110560,W6X152
1021,제주시,삼도이동,50110560,W6X153
1022,제주시,삼도이동,50110560,W6X155
1023,제주시,삼도이동,50110560,W6X156
1024,제주시,삼도이동,50110560,W6X157
1025,제주시,삼도이동,50110560,W6X158
1026,제주시,삼도이동,50110560,W6X174
1027,제주시,삼도이동,50110560,W6XC01
1028,제주시,삼도일동,50110550,W6X237
1029,제주시,삼도일동,50110550,W6X551
1030,제주시,삼도일동,50110550,W6X552
1031,제주시,삼도일동,50110550,W6X553
1032,제주시,삼도일동,50110550,W6X554
1033,제주시,삼도일동,50110550,W6X555
1034,제주시,삼도일동,50110550,W6X556
1035,제주시,삼도일동,50110550,W6X557
1036,제주시,삼도일동,50110550,W6X558
1037,제주시,삼도일동,50110550,W6X559
1038,제주시,삼도일동,50110550,W6X560
1039,제주시,삼도일동,50110550,W6X561
1040,제주시,삼도일동,50110550,W6X562
1041,제주시,삼도일동,50110550,W6X563
1042,제주시,삼도일동,50110550,W6X564
1043,제주시,삼도일동,50110550,W6X565
1044,제주시,삼도일동,50110550,W6X566
1045,제주시,삼도일동,50110550,W6X567
1046,제주시,삼도일동,50110550,W6X568
1047,제주시,삼도일동,50110550,W6X569
1048,제주시,삼도일동,50110550,W6X570
1049,제주시,삼도일동,50110550,W6X571
1050,제주시,삼도일동,50110550,W6X572
1051,제주시,삼도일동,50110550,W6X573
1052,제주시,삼도일동,50110550,W6X574
1053,제주시,삼도일동,50110550,W6X575
1054,제주시,삼도일동,50110550,W6X576
1055,제주시,삼도일동,50110550,W6X577
1056,제주시,삼도일동,50110550,W6X578
1057,제주시,삼도일동,50110550,W6X579
1058,제주시,삼도일동,50110550,W6X580
1059,제주시,삼도일동,50110550,W6XA70
1060,제주시,삼도일동,50110550,W6XA71
1061,제주시,삼도일동,50110550,W6XB99
1062,제주시,삼도일동,50110550,W6XC58
1063,제주시,삼양동,50110610,W6X009
1064,제주시,삼양동,50110610,W6X050
1065,제주시,삼양동,50110610,W6X065
1066,제주시,삼양동,50110610,W6X068
1067,제주시,삼양동,50110610,W6X076
1068,제주시,삼양동,50110610,W6X078
1069,제주시,삼양동,50110610,W6X085
1070,제주시,삼양동,50110610,W6X100
1071,제주시,삼양동,50110610,W6X101
1072,제주시,삼양동,50110610,W6X127
1073,제주시,삼양동,50110610,W6X128
1074,제주시,삼양동,50110610,W6X229
1075,제주시,삼양동,50110610,W6X260
1076,제주시,삼양동,50110610,W6X261
1077,제주시,삼양동,50110610,W6X262
1078,제주시,삼양동,50110610,W6X263
1079,제주시,삼양동,50110610,W6X264
1080,제주시,삼양동,50110610,W6X265
1081,제주시,삼양동,50110610,W6X266
1082,제주시,삼양동,50110610,W6X267
1083,제주시,삼양동,50110610,W6X268
1084,제주시,삼양동,50110610,W6X269
1085,제주시,삼양동,50110610,W6X270
1086,제주시,삼양동,50110610,W6X271
1087,제주시,삼양동,50110610,W6X272
1088,제주시,삼양동,50110610,W6X273
1089,제주시,삼양동,50110610,W6X274
1090,제주시,삼양동,50110610,W6X275
1091,제주시,삼양동,50110610,W6X276
1092,제주시,삼양동,50110610,W6X277
1093,제주시,삼양동,50110610,W6X278
1094,제주시,삼양동,50110610,W6X279
1095,제주시,삼양동,50110610,W6X280
1096,제주시,삼양동,50110610,W6X281
1097,제주시,삼양동,50110610,W6X282
1098,제주시,삼양동,50110610,W6X283
1099,제주시,삼양동,50110610,W6X284
1100,제주시,삼양동,50110610,W6X285
1101,제주시,삼양동,50110610,W6X286
1102,제주시,삼양동,50110610,W6X287
1103,제주시,삼양동,50110610,W6X288
1104,제주시,삼양동,50110610,W6X289
1105,제주시,삼양동,50110610,W6X290
1106,제주시,삼양동,50110610,W6X291
1107,제주시,삼양동,50110610,W6X292
1108,제주시,삼양동,50110610,W6X293
1109,제주시,삼양동,50110610,W6X294
1110,제주시,삼양동,50110610,W6X295
1111,제주시,삼양동,50110610,W6X296
1112,제주시,삼양동,50110610,W6X297
1113,제주시,삼양동,50110610,W6X298
1114,제주시,삼양동,50110610,W6X299
1115,제주시,삼양동,50110610,W6X300
1116,제주시,삼양동,50110610,W6X301
1117,제주시,삼양동,50110610,W6X302
1118,제주시,삼양동,50110610,W6X303
1119,제주시,삼양동,50110610,W6X304
1120,제주시,삼양동,50110610,W6X305
1121,제주시,삼양동,50110610,W6X306
1122,제주시,삼양동,50110610,W6X459
1123,제주시,삼양동,50110610,W6XA64
1124,제주시,삼양동,50110610,W6XA65
1125,제주시,삼양동,50110610,W6XA66
1126,제주시,삼양동,50110610,W6XA67
1127,제주시,삼양동,50110610,W6XAA1
1128,제주시,삼양동,50110610,W6XAA2
1129,제주시,삼양동,50110610,W6XAC6
1130,제주시,삼양동,50110610,W6XAD4
1131,제주시,삼양동,50110610,W6XAD8
1132,제주시,삼양동,50110610,W6XB49
1133,제주시,삼양동,50110610,W6XB82
1134,제주시,삼양동,50110610,W6XC53
1135,제주시,삼양동,50110610,W6XC63
1136,제주시,삼양동,50110610,W6XC70
1137,제주시,삼양동,50110610,W6XC86
1138,제주시,삼양동,50110610,W6XF9A
1139,제주시,아라동,50110630,W6X052
1140,제주시,아라동,50110630,W6X053
1141,제주시,아라동,50110630,W6X054
1142,제주시,아라동,50110630,W6X057
1143,제주시,아라동,50110630,W6X060
1144,제주시,아라동,50110630,W6X064
1145,제주시,아라동,50110630,W6X079
1146,제주시,아라동,50110630,W6X086
1147,제주시,아라동,50110630,W6X104
1148,제주시,아라동,50110630,W6X105
1149,제주시,아라동,50110630,W6X106
1150,제주시,아라동,50110630,W6X107
1151,제주시,아라동,50110630,W6X112
1152,제주시,아라동,50110630,W6X159
1153,제주시,아라동,50110630,W6X228
1154,제주시,아라동,50110630,W6X232
1155,제주시,아라동,50110630,W6X235
1156,제주시,아라동,50110630,W6X968
1157,제주시,아라동,50110630,W6X969
1158,제주시,아라동,50110630,W6X970
1159,제주시,아라동,50110630,W6X971
1160,제주시,아라동,50110630,W6X972
1161,제주시,아라동,50110630,W6X973
1162,제주시,아라동,50110630,W6X974
1163,제주시,아라동,50110630,W6X975
1164,제주시,아라동,50110630,W6X976
1165,제주시,아라동,50110630,W6X977
1166,제주시,아라동,50110630,W6X978
1167,제주시,아라동,50110630,W6X979
1168,제주시,아라동,50110630,W6X980
1169,제주시,아라동,50110630,W6X981
1170,제주시,아라동,50110630,W6X982
1171,제주시,아라동,50110630,W6X983
1172,제주시,아라동,50110630,W6X984
1173,제주시,아라동,50110630,W6X985
1174,제주시,아라동,50110630,W6X986
1175,제주시,아라동,50110630,W6X988
1176,제주시,아라동,50110630,W6X989
1177,제주시,아라동,50110630,W6X990
1178,제주시,아라동,50110630,W6X991
1179,제주시,아라동,50110630,W6X992
1180,제주시,아라동,50110630,W6X993
1181,제주시,아라동,50110630,W6X994
1182,제주시,아라동,50110630,W6X995
1183,제주시,아라동,50110630,W6X996
1184,제주시,아라동,50110630,W6X997
1185,제주시,아라동,50110630,W6X998
1186,제주시,아라동,50110630,W6X999
1187,제주시,아라동,50110630,W6XA01
1188,제주시,아라동,50110630,W6XA02
1189,제주시,아라동,50110630,W6XA03
1190,제주시,아라동,50110630,W6XA04
1191,제주시,아라동,50110630,W6XA06
1192,제주시,아라동,50110630,W6XA07
1193,제주시,아라동,50110630,W6XA08
1194,제주시,아라동,50110630,W6XA09
1195,제주시,아라동,50110630,W6XA10
1196,제주시,아라동,50110630,W6XA11
1197,제주시,아라동,50110630,W6XA12
1198,제주시,아라동,50110630,W6XA13
1199,제주시,아라동,50110630,W6XA14
1200,제주시,아라동,50110630,W6XA15
1201,제주시,아라동,50110630,W6XA16
1202,제주시,아라동,50110630,W6XA17
1203,제주시,아라동,50110630,W6XA18
1204,제주시,아라동,50110630,W6XA19
1205,제주시,아라동,50110630,W6XA20
1206,제주시,아라동,50110630,W6XA21
1207,제주시,아라동,50110630,W6XA22
1208,제주시,아라동,50110630,W6XA23
1209,제주시,아라동,50110630,W6XA24
1210,제주시,아라동,50110630,W6XA25
1211,제주시,아라동,50110630,W6XA26
1212,제주시,아라동,50110630,W6XA27
1213,제주시,아라동,50110630,W6XA28
1214,제주시,아라동,50110630,W6XA29
1215,제주시,아라동,50110630,W6XA30
1216,제주시,아라동,50110630,W6XA31
1217,제주시,아라동,50110630,W6XA32
1218,제주시,아라동,50110630,W6XA33
1219,제주시,아라동,50110630,W6XA34
1220,제주시,아라동,50110630,W6XA35
1221,제주시,아라동,50110630,W6XA93
1222,제주시,아라동,50110630,W6XA94
1223,제주시,아라동,50110630,W6XA95
1224,제주시,아라동,50110630,W6XA96
1225,제주시,아라동,50110630,W6XA97
1226,제주시,아라동,50110630,W6XA98
1227,제주시,아라동,50110630,W6XA99
1228,제주시,아라동,50110630,W6XAC9
1229,제주시,아라동,50110630,W6XB01
1230,제주시,아라동,50110630,W6XB02
1231,제주시,아라동,50110630,W6XB03
1232,제주시,아라동,50110630,W6XB04
1233,제주시,아라동,50110630,W6XB05
1234,제주시,아라동,50110630,W6XB06
1235,제주시,아라동,50110630,W6XB07
1236,제주시,아라동,50110630,W6XB08
1237,제주시,아라동,50110630,W6XB09
1238,제주시,아라동,50110630,W6XB12
1239,제주시,아라동,50110630,W6XB14
1240,제주시,아라동,50110630,W6XB73
1241,제주시,아라동,50110630,W6XB78
1242,제주시,아라동,50110630,W6XB79
1243,제주시,아라동,50110630,W6XC02
1244,제주시,아라동,50110630,W6XC03
1245,제주시,아라동,50110630,W6XC04
1246,제주시,아라동,50110630,W6XC05
1247,제주시,아라동,50110630,W6XC06
1248,제주시,아라동,50110630,W6XC07
1249,제주시,아라동,50110630,W6XC08
1250,제주시,아라동,50110630,W6XC09
1251,제주시,아라동,50110630,W6XC10
1252,제주시,아라동,50110630,W6XC61
1253,제주시,아라동,50110630,W6XC62
1254,제주시,아라동,50110630,W6XC69
1255,제주시,아라동,50110630,W6XC74
1256,제주시,아라동,50110630,W6XC88
1257,제주시,아라동,50110630,W6XC9D
1258,제주시,아라동,50110630,W6XC9E
1259,제주시,애월읍,50110253,W6X11F
1260,제주시,애월읍,50110253,W6X126
1261,제주시,애월읍,50110253,W6X12A
1262,제주시,애월읍,50110253,W6X12B
1263,제주시,애월읍,50110253,W6X12C
1264,제주시,애월읍,50110253,W6X12D
1265,제주시,애월읍,50110253,W6X12E
1266,제주시,애월읍,50110253,W6X12F
1267,제주시,애월읍,50110253,W6X13A
1268,제주시,애월읍,50110253,W6X13B
1269,제주시,애월읍,50110253,W6X13C
1270,제주시,애월읍,50110253,W6X13D
1271,제주시,애월읍,50110253,W6X13E
1272,제주시,애월읍,50110253,W6X13F
1273,제주시,애월읍,50110253,W6X14A
1274,제주시,애월읍,50110253,W6X14B
1275,제주시,애월읍,50110253,W6X14C
1276,제주시,애월읍,50110253,W6X14D
1277,제주시,애월읍,50110253,W6X14E
1278,제주시,애월읍,50110253,W6X14F
1279,제주시,애월읍,50110253,W6X15A
1280,제주시,애월읍,50110253,W6X15B
1281,제주시,애월읍,50110253,W6X15C
1282,제주시,애월읍,50110253,W6X15D
1283,제주시,애월읍,50110253,W6X1A2
1284,제주시,애월읍,50110253,W6X1A3
1285,제주시,애월읍,50110253,W6X1A4
1286,제주시,애월읍,50110253,W6X1A5
1287,제주시,애월읍,50110253,W6X1A7
1288,제주시,애월읍,50110253,W6X1A8
1289,제주시,애월읍,50110253,W6X1A9
1290,제주시,애월읍,50110253,W6X1B1
1291,제주시,애월읍,50110253,W6X1B2
1292,제주시,애월읍,50110253,W6X1B3
1293,제주시,애월읍,50110253,W6X1B4
1294,제주시,애월읍,50110253,W6X1B5
1295,제주시,애월읍,50110253,W6X1B6
1296,제주시,애월읍,50110253,W6XB35
1297,제주시,애월읍,50110253,W6XD10
1298,제주시,애월읍,50110253,W6XE64
1299,제주시,애월읍,50110253,W6XE65
1300,제주시,애월읍,50110253,W6XE66
1301,제주시,애월읍,50110253,W6XE67
1302,제주시,애월읍,50110253,W6XE68
1303,제주시,애월읍,50110253,W6XE69
1304,제주시,애월읍,50110253,W6XE70
1305,제주시,애월읍,50110253,W6XE71
1306,제주시,애월읍,50110253,W6XE72
1307,제주시,애월읍,50110253,W6XE73
1308,제주시,애월읍,50110253,W6XE74
1309,제주시,애월읍,50110253,W6XE75
1310,제주시,애월읍,50110253,W6XE76
1311,제주시,애월읍,50110253,W6XE77
1312,제주시,애월읍,50110253,W6XE78
1313,제주시,애월읍,50110253,W6XE79
1314,제주시,애월읍,50110253,W6XE80
1315,제주시,애월읍,50110253,W6XE81
1316,제주시,애월읍,50110253,W6XE82
1317,제주시,애월읍,50110253,W6XE83
1318,제주시,애월읍,50110253,W6XE84
1319,제주시,애월읍,50110253,W6XE85
1320,제주시,애월읍,50110253,W6XE86
1321,제주시,애월읍,50110253,W6XE87
1322,제주시,애월읍,50110253,W6XE88
1323,제주시,애월읍,50110253,W6XE89
1324,제주시,애월읍,50110253,W6XE90
1325,제주시,애월읍,50110253,W6XE91
1326,제주시,애월읍,50110253,W6XE92
1327,제주시,애월읍,50110253,W6XE93
1328,제주시,애월읍,50110253,W6XE94
1329,제주시,애월읍,50110253,W6XE95
1330,제주시,애월읍,50110253,W6XE96
1331,제주시,애월읍,50110253,W6XE97
1332,제주시,애월읍,50110253,W6XE98
1333,제주시,애월읍,50110253,W6XE99
1334,제주시,애월읍,50110253,W6XF01
1335,제주시,애월읍,50110253,W6XF02
1336,제주시,애월읍,50110253,W6XF03
1337,제주시,애월읍,50110253,W6XF04
1338,제주시,애월읍,50110253,W6XF05
1339,제주시,애월읍,50110253,W6XF06
1340,제주시,애월읍,50110253,W6XF07
1341,제주시,애월읍,50110253,W6XF08
1342,제주시,애월읍,50110253,W6XF09
1343,제주시,애월읍,50110253,W6XF10
1344,제주시,애월읍,50110253,W6XF11
1345,제주시,애월읍,50110253,W6XF12
1346,제주시,애월읍,50110253,W6XF13
1347,제주시,애월읍,50110253,W6XF14
1348,제주시,애월읍,50110253,W6XF15
1349,제주시,애월읍,50110253,W6XF16
1350,제주시,애월읍,50110253,W6XF17
1351,제주시,애월읍,50110253,W6XF18
1352,제주시,애월읍,50110253,W6XF19
1353,제주시,애월읍,50110253,W6XF20
1354,제주시,애월읍,50110253,W6XF21
1355,제주시,애월읍,50110253,W6XF22
1356,제주시,애월읍,50110253,W6XF23
1357,제주시,애월읍,50110253,W6XF24
1358,제주시,애월읍,50110253,W6XF25
1359,제주시,애월읍,50110253,W6XF26
1360,제주시,애월읍,50110253,W6XF27
1361,제주시,애월읍,50110253,W6XF28
1362,제주시,애월읍,50110253,W6XF29
1363,제주시,애월읍,50110253,W6XF30
1364,제주시,애월읍,50110253,W6XF31
1365,제주시,애월읍,50110253,W6XF32
1366,제주시,애월읍,50110253,W6XF33
1367,제주시,애월읍,50110253,W6XF34
1368,제주시,애월읍,50110253,W6XF35
1369,제주시,애월읍,50110253,W6XF36
1370,제주시,애월읍,50110253,W6XF37
1371,제주시,애월읍,50110253,W6XF38
1372,제주시,애월읍,50110253,W6XF39
1373,제주시,애월읍,50110253,W6XF40
1374,제주시,애월읍,50110253,W6XF41
1375,제주시,애월읍,50110253,W6XF42
1376,제주시,애월읍,50110253,W6XF43
1377,제주시,애월읍,50110253,W6XF44
1378,제주시,애월읍,50110253,W6XF45
1379,제주시,애월읍,50110253,W6XF46
1380,제주시,애월읍,50110253,W6XF47
1381,제주시,애월읍,50110253,W6XF48
1382,제주시,애월읍,50110253,W6XF49
1383,제주시,애월읍,50110253,W6XF50
1384,제주시,애월읍,50110253,W6XF51
1385,제주시,애월읍,50110253,W6XF52
1386,제주시,애월읍,50110253,W6XF53
1387,제주시,애월읍,50110253,W6XF54
1388,제주시,애월읍,50110253,W6XF55
1389,제주시,애월읍,50110253,W6XF56
1390,제주시,애월읍,50110253,W6XF57
1391,제주시,애월읍,50110253,W6XF58
1392,제주시,애월읍,50110253,W6XF59
1393,제주시,애월읍,50110253,W6XF60
1394,제주시,애월읍,50110253,W6XF61
1395,제주시,애월읍,50110253,W6XF62
1396,제주시,애월읍,50110253,W6XF63
1397,제주시,애월읍,50110253,W6XF64
1398,제주시,애월읍,50110253,W6XF65
1399,제주시,애월읍,50110253,W6XF66
1400,제주시,애월읍,50110253,W6XF67
1401,제주시,애월읍,50110253,W6XF68
1402,제주시,애월읍,50110253,W6XF69
1403,제주시,애월읍,50110253,W6XF70
1404,제주시,애월읍,50110253,W6XF71
1405,제주시,애월읍,50110253,W6XF72
1406,제주시,애월읍,50110253,W6XF73
1407,제주시,애월읍,50110253,W6XF74
1408,제주시,애월읍,50110253,W6XF75
1409,제주시,애월읍,50110253,W6XF76
1410,제주시,연동,50110650,W6X005
1411,제주시,연동,50110650,W6X006
1412,제주시,연동,50110650,W6X035
1413,제주시,연동,50110650,W6X036
1414,제주시,연동,50110650,W6X037
1415,제주시,연동,50110650,W6X115
1416,제주시,연동,50110650,W6X117
1417,제주시,연동,50110650,W6X118
1418,제주시,연동,50110650,W6X239
1419,제주시,연동,50110650,W6X863
1420,제주시,연동,50110650,W6X864
1421,제주시,연동,50110650,W6X865
1422,제주시,연동,50110650,W6X866
1423,제주시,연동,50110650,W6X867
1424,제주시,연동,50110650,W6X869
1425,제주시,연동,50110650,W6X870
1426,제주시,연동,50110650,W6X871
1427,제주시,연동,50110650,W6X872
1428,제주시,연동,50110650,W6X873
1429,제주시,연동,50110650,W6X874
1430,제주시,연동,50110650,W6X875
1431,제주시,연동,50110650,W6X876
1432,제주시,연동,50110650,W6X877
1433,제주시,연동,50110650,W6X878
1434,제주시,연동,50110650,W6X880
1435,제주시,연동,50110650,W6X881
1436,제주시,연동,50110650,W6X882
1437,제주시,연동,50110650,W6X883
1438,제주시,연동,50110650,W6X884
1439,제주시,연동,50110650,W6X885
1440,제주시,연동,50110650,W6X886
1441,제주시,연동,50110650,W6X887
1442,제주시,연동,50110650,W6X888
1443,제주시,연동,50110650,W6X889
1444,제주시,연동,50110650,W6X890
1445,제주시,연동,50110650,W6X891
1446,제주시,연동,50110650,W6X892
1447,제주시,연동,50110650,W6X893
1448,제주시,연동,50110650,W6X894
1449,제주시,연동,50110650,W6X895
1450,제주시,연동,50110650,W6X896
1451,제주시,연동,50110650,W6X897
1452,제주시,연동,50110650,W6X898
1453,제주시,연동,50110650,W6X899
1454,제주시,연동,50110650,W6X901
1455,제주시,연동,50110650,W6X902
1456,제주시,연동,50110650,W6X903
1457,제주시,연동,50110650,W6X904
1458,제주시,연동,50110650,W6X905
1459,제주시,연동,50110650,W6X906
1460,제주시,연동,50110650,W6X907
1461,제주시,연동,50110650,W6X908
1462,제주시,연동,50110650,W6X909
1463,제주시,연동,50110650,W6X910
1464,제주시,연동,50110650,W6X911
1465,제주시,연동,50110650,W6X912
1466,제주시,연동,50110650,W6X913
1467,제주시,연동,50110650,W6X914
1468,제주시,연동,50110650,W6X915
1469,제주시,연동,50110650,W6X916
1470,제주시,연동,50110650,W6X917
1471,제주시,연동,50110650,W6X918
1472,제주시,연동,50110650,W6X919
1473,제주시,연동,50110650,W6X920
1474,제주시,연동,50110650,W6X921
1475,제주시,연동,50110650,W6X922
1476,제주시,연동,50110650,W6X923
1477,제주시,연동,50110650,W6X924
1478,제주시,연동,50110650,W6X925
1479,제주시,연동,50110650,W6X926
1480,제주시,연동,50110650,W6X927
1481,제주시,연동,50110650,W6X928
1482,제주시,연동,50110650,W6X929
1483,제주시,연동,50110650,W6X930
1484,제주시,연동,50110650,W6X931
1485,제주시,연동,50110650,W6X932
1486,제주시,연동,50110650,W6X933
1487,제주시,연동,50110650,W6X934
1488,제주시,연동,50110650,W6X935
1489,제주시,연동,50110650,W6X936
1490,제주시,연동,50110650,W6X937
1491,제주시,연동,50110650,W6X938
1492,제주시,연동,50110650,W6X939
1493,제주시,연동,50110650,W6X940
1494,제주시,연동,50110650,W6X941
1495,제주시,연동,50110650,W6X942
1496,제주시,연동,50110650,W6X943
1497,제주시,연동,50110650,W6X944
1498,제주시,연동,50110650,W6X945
1499,제주시,연동,50110650,W6X946
1500,제주시,연동,50110650,W6X947
1501,제주시,연동,50110650,W6X948
1502,제주시,연동,50110650,W6X949
1503,제주시,연동,50110650,W6X950
1504,제주시,연동,50110650,W6X951
1505,제주시,연동,50110650,W6X952
1506,제주시,연동,50110650,W6X953
1507,제주시,연동,50110650,W6X954
1508,제주시,연동,50110650,W6X955
1509,제주시,연동,50110650,W6X956
1510,제주시,연동,50110650,W6X957
1511,제주시,연동,50110650,W6X958
1512,제주시,연동,50110650,W6X959
1513,제주시,연동,50110650,W6X960
1514,제주시,연동,50110650,W6X961
1515,제주시,연동,50110650,W6X962
1516,제주시,연동,50110650,W6X963
1517,제주시,연동,50110650,W6X964
1518,제주시,연동,50110650,W6X965
1519,제주시,연동,50110650,W6X966
1520,제주시,연동,50110650,W6X967
1521,제주시,연동,50110650,W6XB15
1522,제주시,연동,50110650,W6XB16
1523,제주시,연동,50110650,W6XB17
1524,제주시,연동,50110650,W6XB18
1525,제주시,연동,50110650,W6XB19
1526,제주시,연동,50110650,W6XB20
1527,제주시,연동,50110650,W6XB21
1528,제주시,연동,50110650,W6XB22
1529,제주시,연동,50110650,W6XB23
1530,제주시,연동,50110650,W6XB24
1531,제주시,연동,50110650,W6XB25
1532,제주시,연동,50110650,W6XB60
1533,제주시,연동,50110650,W6XB72
1534,제주시,연동,50110650,W6XB80
1535,제주시,연동,50110650,W6XC11
1536,제주시,연동,50110650,W6XC12
1537,제주시,연동,50110650,W6XC13
1538,제주시,연동,50110650,W6XC47
1539,제주시,연동,50110650,W6XC94
1540,제주시,연동,50110650,W6XD01
1541,제주시,연동,50110650,W6XD02
1542,제주시,연동,50110650,W6XD03
1543,제주시,연동,50110650,W6XD06
1544,제주시,연동,50110650,W6XD07
1545,제주시,오라동,50110640,W6X081
1546,제주시,오라동,50110640,W6X083
1547,제주시,오라동,50110640,W6X084
1548,제주시,오라동,50110640,W6X113
1549,제주시,오라동,50110640,W6X114
1550,제주시,오라동,50110640,W6X160
1551,제주시,오라동,50110640,W6X226
1552,제주시,오라동,50110640,W6X238
1553,제주시,오라동,50110640,W6X544
1554,제주시,오라동,50110640,W6X636
1555,제주시,오라동,50110640,W6X637
1556,제주시,오라동,50110640,W6X638
1557,제주시,오라동,50110640,W6X639
1558,제주시,오라동,50110640,W6X640
1559,제주시,오라동,50110640,W6X641
1560,제주시,오라동,50110640,W6X642
1561,제주시,오라동,50110640,W6X643
1562,제주시,오라동,50110640,W6X644
1563,제주시,오라동,50110640,W6X645
1564,제주시,오라동,50110640,W6X646
1565,제주시,오라동,50110640,W6X647
1566,제주시,오라동,50110640,W6X648
1567,제주시,오라동,50110640,W6X649
1568,제주시,오라동,50110640,W6X650
1569,제주시,오라동,50110640,W6X651
1570,제주시,오라동,50110640,W6X652
1571,제주시,오라동,50110640,W6X653
1572,제주시,오라동,50110640,W6X654
1573,제주시,오라동,50110640,W6X655
1574,제주시,오라동,50110640,W6X656
1575,제주시,오라동,50110640,W6X657
1576,제주시,오라동,50110640,W6X658
1577,제주시,오라동,50110640,W6X659
1578,제주시,오라동,50110640,W6X660
1579,제주시,오라동,50110640,W6X661
1580,제주시,오라동,50110640,W6X662
1581,제주시,오라동,50110640,W6X664
1582,제주시,오라동,50110640,W6X665
1583,제주시,오라동,50110640,W6X666
1584,제주시,오라동,50110640,W6X667
1585,제주시,오라동,50110640,W6X669
1586,제주시,오라동,50110640,W6X670
1587,제주시,오라동,50110640,W6X671
1588,제주시,오라동,50110640,W6X672
1589,제주시,오라동,50110640,W6X673
1590,제주시,오라동,50110640,W6X674
1591,제주시,오라동,50110640,W6X675
1592,제주시,오라동,50110640,W6X676
1593,제주시,오라동,50110640,W6X746
1594,제주시,오라동,50110640,W6XA05
1595,제주시,오라동,50110640,W6XA37
1596,제주시,오라동,50110640,W6XA69
1597,제주시,오라동,50110640,W6XA72
1598,제주시,오라동,50110640,W6XA73
1599,제주시,오라동,50110640,W6XA74
1600,제주시,오라동,50110640,W6XA75
1601,제주시,오라동,50110640,W6XA76
1602,제주시,오라동,50110640,W6XA77
1603,제주시,오라동,50110640,W6XA78
1604,제주시,오라동,50110640,W6XA79
1605,제주시,오라동,50110640,W6XA80
1606,제주시,오라동,50110640,W6XA82
1607,제주시,오라동,50110640,W6XAC5
1608,제주시,오라동,50110640,W6XAD5
1609,제주시,오라동,50110640,W6XAD7
1610,제주시,오라동,50110640,W6XB44
1611,제주시,오라동,50110640,W6XB45
1612,제주시,오라동,50110640,W6XB46
1613,제주시,오라동,50110640,W6XBA2
1614,제주시,오라동,50110640,W6XBA3
1615,제주시,오라동,50110640,W6XC24
1616,제주시,오라동,50110640,W6XC46
1617,제주시,오라동,50110640,W6XC52
1618,제주시,오라동,50110640,W6XC54
1619,제주시,오라동,50110640,W6XC55
1620,제주시,오라동,50110640,W6XC72
1621,제주시,오라동,50110640,W6XC75
1622,제주시,오라동,50110640,W6XC87
1623,제주시,오라동,50110640,W6XC92
1624,제주시,오라동,50110640,W6XC99
1625,제주시,오라동,50110640,W6XC9B
1626,제주시,외도동,50110670,W6X010
1627,제주시,외도동,50110670,W6X062
1628,제주시,외도동,50110670,W6X069
1629,제주시,외도동,50110670,W6X073
1630,제주시,외도동,50110670,W6X125
1631,제주시,외도동,50110670,W6X230
1632,제주시,외도동,50110670,W6X390
1633,제주시,외도동,50110670,W6X468
1634,제주시,외도동,50110670,W6X677
1635,제주시,외도동,50110670,W6X678
1636,제주시,외도동,50110670,W6X679
1637,제주시,외도동,50110670,W6X680
1638,제주시,외도동,50110670,W6X681
1639,제주시,외도동,50110670,W6X682
1640,제주시,외도동,50110670,W6X683
1641,제주시,외도동,50110670,W6X684
1642,제주시,외도동,50110670,W6X685
1643,제주시,외도동,50110670,W6X686
1644,제주시,외도동,50110670,W6X687
1645,제주시,외도동,50110670,W6X688
1646,제주시,외도동,50110670,W6X689
1647,제주시,외도동,50110670,W6X690
1648,제주시,외도동,50110670,W6X691
1649,제주시,외도동,50110670,W6X692
1650,제주시,외도동,50110670,W6X693
1651,제주시,외도동,50110670,W6X694
1652,제주시,외도동,50110670,W6X695
1653,제주시,외도동,50110670,W6X696
1654,제주시,외도동,50110670,W6X697
1655,제주시,외도동,50110670,W6X698
1656,제주시,외도동,50110670,W6X699
1657,제주시,외도동,50110670,W6X700
1658,제주시,외도동,50110670,W6X701
1659,제주시,외도동,50110670,W6X702
1660,제주시,외도동,50110670,W6X703
1661,제주시,외도동,50110670,W6X704
1662,제주시,외도동,50110670,W6X705
1663,제주시,외도동,50110670,W6X706
1664,제주시,외도동,50110670,W6X707
1665,제주시,외도동,50110670,W6X708
1666,제주시,외도동,50110670,W6X710
1667,제주시,외도동,50110670,W6X711
1668,제주시,외도동,50110670,W6X712
1669,제주시,외도동,50110670,W6X713
1670,제주시,외도동,50110670,W6X714
1671,제주시,외도동,50110670,W6X715
1672,제주시,외도동,50110670,W6X716
1673,제주시,외도동,50110670,W6X718
1674,제주시,외도동,50110670,W6X719
1675,제주시,외도동,50110670,W6X720
1676,제주시,외도동,50110670,W6X768
1677,제주시,외도동,50110670,W6XA84
1678,제주시,외도동,50110670,W6XA85
1679,제주시,외도동,50110670,W6XA86
1680,제주시,외도동,50110670,W6XA87
1681,제주시,외도동,50110670,W6XAC7
1682,제주시,외도동,50110670,W6XB26
1683,제주시,외도동,50110670,W6XB33
1684,제주시,외도동,50110670,W6XB61
1685,제주시,외도동,50110670,W6XB62
1686,제주시,외도동,50110670,W6XB63
1687,제주시,외도동,50110670,W6XC48
1688,제주시,외도동,50110670,W6XC64
1689,제주시,외도동,50110670,W6XC65
1690,제주시,외도동,50110670,W6XD09
1691,제주시,용담이동,50110580,W6X025
1692,제주시,용담이동,50110580,W6X040
1693,제주시,용담이동,50110580,W6X581
1694,제주시,용담이동,50110580,W6X582
1695,제주시,용담이동,50110580,W6X583
1696,제주시,용담이동,50110580,W6X584
1697,제주시,용담이동,50110580,W6X585
1698,제주시,용담이동,50110580,W6X586
1699,제주시,용담이동,50110580,W6X587
1700,제주시,용담이동,50110580,W6X588
1701,제주시,용담이동,50110580,W6X589
1702,제주시,용담이동,50110580,W6X590
1703,제주시,용담이동,50110580,W6X591
1704,제주시,용담이동,50110580,W6X592
1705,제주시,용담이동,50110580,W6X593
1706,제주시,용담이동,50110580,W6X594
1707,제주시,용담이동,50110580,W6X595
1708,제주시,용담이동,50110580,W6X596
1709,제주시,용담이동,50110580,W6X597
1710,제주시,용담이동,50110580,W6X598
1711,제주시,용담이동,50110580,W6X599
1712,제주시,용담이동,50110580,W6X600
1713,제주시,용담이동,50110580,W6X601
1714,제주시,용담이동,50110580,W6X602
1715,제주시,용담이동,50110580,W6X603
1716,제주시,용담이동,50110580,W6X604
1717,제주시,용담이동,50110580,W6X605
1718,제주시,용담이동,50110580,W6X606
1719,제주시,용담이동,50110580,W6X607
1720,제주시,용담이동,50110580,W6X608
1721,제주시,용담이동,50110580,W6X609
1722,제주시,용담이동,50110580,W6X610
1723,제주시,용담이동,50110580,W6X611
1724,제주시,용담이동,50110580,W6X612
1725,제주시,용담이동,50110580,W6X613
1726,제주시,용담이동,50110580,W6X614
1727,제주시,용담이동,50110580,W6X615
1728,제주시,용담이동,50110580,W6X616
1729,제주시,용담이동,50110580,W6X617
1730,제주시,용담이동,50110580,W6X618
1731,제주시,용담이동,50110580,W6X619
1732,제주시,용담이동,50110580,W6X620
1733,제주시,용담이동,50110580,W6X621
1734,제주시,용담이동,50110580,W6X622
1735,제주시,용담이동,50110580,W6X623
1736,제주시,용담이동,50110580,W6X624
1737,제주시,용담이동,50110580,W6X625
1738,제주시,용담이동,50110580,W6X626
1739,제주시,용담이동,50110580,W6X627
1740,제주시,용담이동,50110580,W6X628
1741,제주시,용담이동,50110580,W6X629
1742,제주시,용담이동,50110580,W6X630
1743,제주시,용담이동,50110580,W6X631
1744,제주시,용담이동,50110580,W6X632
1745,제주시,용담이동,50110580,W6X633
1746,제주시,용담이동,50110580,W6X634
1747,제주시,용담이동,50110580,W6X635
1748,제주시,용담이동,50110580,W6XB64
1749,제주시,용담이동,50110580,W6XC14
1750,제주시,용담이동,50110580,W6XC15
1751,제주시,용담이동,50110580,W6XC16
1752,제주시,용담이동,50110580,W6XC17
1753,제주시,용담일동,50110570,W6X088
1754,제주시,용담일동,50110570,W6X197
1755,제주시,용담일동,50110570,W6X198
1756,제주시,용담일동,50110570,W6X199
1757,제주시,용담일동,50110570,W6X200
1758,제주시,용담일동,50110570,W6X201
1759,제주시,용담일동,50110570,W6X202
1760,제주시,용담일동,50110570,W6X203
1761,제주시,용담일동,50110570,W6X204
1762,제주시,용담일동,50110570,W6X205
1763,제주시,용담일동,50110570,W6X206
1764,제주시,용담일동,50110570,W6X207
1765,제주시,용담일동,50110570,W6X208
1766,제주시,용담일동,50110570,W6X209
1767,제주시,용담일동,50110570,W6X210
1768,제주시,용담일동,50110570,W6X211
1769,제주시,용담일동,50110570,W6X212
1770,제주시,용담일동,50110570,W6X213
1771,제주시,용담일동,50110570,W6X214
1772,제주시,용담일동,50110570,W6X215
1773,제주시,용담일동,50110570,W6X216
1774,제주시,용담일동,50110570,W6X217
1775,제주시,용담일동,50110570,W6X218
1776,제주시,용담일동,50110570,W6X220
1777,제주시,용담일동,50110570,W6X221
1778,제주시,용담일동,50110570,W6X222
1779,제주시,용담일동,50110570,W6X224
1780,제주시,용담일동,50110570,W6X225
1781,제주시,이도이동,50110540,W6X000
1782,제주시,이도이동,50110540,W6X008
1783,제주시,이도이동,50110540,W6X011
1784,제주시,이도이동,50110540,W6X015
1785,제주시,이도이동,50110540,W6X016
1786,제주시,이도이동,50110540,W6X017
1787,제주시,이도이동,50110540,W6X026
1788,제주시,이도이동,50110540,W6X043
1789,제주시,이도이동,50110540,W6X063
1790,제주시,이도이동,50110540,W6X066
1791,제주시,이도이동,50110540,W6X072
1792,제주시,이도이동,50110540,W6X074
1793,제주시,이도이동,50110540,W6X082
1794,제주시,이도이동,50110540,W6X108
1795,제주시,이도이동,50110540,W6X109
1796,제주시,이도이동,50110540,W6X110
1797,제주시,이도이동,50110540,W6X111
1798,제주시,이도이동,50110540,W6X161
1799,제주시,이도이동,50110540,W6X449
1800,제주시,이도이동,50110540,W6X450
1801,제주시,이도이동,50110540,W6X451
1802,제주시,이도이동,50110540,W6X452
1803,제주시,이도이동,50110540,W6X453
1804,제주시,이도이동,50110540,W6X454
1805,제주시,이도이동,50110540,W6X455
1806,제주시,이도이동,50110540,W6X456
1807,제주시,이도이동,50110540,W6X457
1808,제주시,이도이동,50110540,W6X458
1809,제주시,이도이동,50110540,W6X461
1810,제주시,이도이동,50110540,W6X462
1811,제주시,이도이동,50110540,W6X463
1812,제주시,이도이동,50110540,W6X464
1813,제주시,이도이동,50110540,W6X465
1814,제주시,이도이동,50110540,W6X466
1815,제주시,이도이동,50110540,W6X467
1816,제주시,이도이동,50110540,W6X469
1817,제주시,이도이동,50110540,W6X470
1818,제주시,이도이동,50110540,W6X471
1819,제주시,이도이동,50110540,W6X472
1820,제주시,이도이동,50110540,W6X473
1821,제주시,이도이동,50110540,W6X474
1822,제주시,이도이동,50110540,W6X475
1823,제주시,이도이동,50110540,W6X476
1824,제주시,이도이동,50110540,W6X477
1825,제주시,이도이동,50110540,W6X478
1826,제주시,이도이동,50110540,W6X479
1827,제주시,이도이동,50110540,W6X480
1828,제주시,이도이동,50110540,W6X481
1829,제주시,이도이동,50110540,W6X482
1830,제주시,이도이동,50110540,W6X483
1831,제주시,이도이동,50110540,W6X484
1832,제주시,이도이동,50110540,W6X485
1833,제주시,이도이동,50110540,W6X486
1834,제주시,이도이동,50110540,W6X487
1835,제주시,이도이동,50110540,W6X488
1836,제주시,이도이동,50110540,W6X489
1837,제주시,이도이동,50110540,W6X490
1838,제주시,이도이동,50110540,W6X491
1839,제주시,이도이동,50110540,W6X492
1840,제주시,이도이동,50110540,W6X493
1841,제주시,이도이동,50110540,W6X494
1842,제주시,이도이동,50110540,W6X495
1843,제주시,이도이동,50110540,W6X496
1844,제주시,이도이동,50110540,W6X497
1845,제주시,이도이동,50110540,W6X498
1846,제주시,이도이동,50110540,W6X499
1847,제주시,이도이동,50110540,W6X500
1848,제주시,이도이동,50110540,W6X501
1849,제주시,이도이동,50110540,W6X502
1850,제주시,이도이동,50110540,W6X503
1851,제주시,이도이동,50110540,W6X504
1852,제주시,이도이동,50110540,W6X505
1853,제주시,이도이동,50110540,W6X506
1854,제주시,이도이동,50110540,W6X507
1855,제주시,이도이동,50110540,W6X508
1856,제주시,이도이동,50110540,W6X509
1857,제주시,이도이동,50110540,W6X510
1858,제주시,이도이동,50110540,W6X511
1859,제주시,이도이동,50110540,W6X512
1860,제주시,이도이동,50110540,W6X513
1861,제주시,이도이동,50110540,W6X514
1862,제주시,이도이동,50110540,W6X515
1863,제주시,이도이동,50110540,W6X516
1864,제주시,이도이동,50110540,W6X517
1865,제주시,이도이동,50110540,W6X518
1866,제주시,이도이동,50110540,W6X519
1867,제주시,이도이동,50110540,W6X520
1868,제주시,이도이동,50110540,W6X521
1869,제주시,이도이동,50110540,W6X522
1870,제주시,이도이동,50110540,W6X523
1871,제주시,이도이동,50110540,W6X524
1872,제주시,이도이동,50110540,W6X525
1873,제주시,이도이동,50110540,W6X526
1874,제주시,이도이동,50110540,W6X527
1875,제주시,이도이동,50110540,W6X528
1876,제주시,이도이동,50110540,W6X529
1877,제주시,이도이동,50110540,W6X530
1878,제주시,이도이동,50110540,W6X531
1879,제주시,이도이동,50110540,W6X532
1880,제주시,이도이동,50110540,W6X533
1881,제주시,이도이동,50110540,W6X534
1882,제주시,이도이동,50110540,W6X535
1883,제주시,이도이동,50110540,W6X536
1884,제주시,이도이동,50110540,W6X537
1885,제주시,이도이동,50110540,W6X538
1886,제주시,이도이동,50110540,W6X539
1887,제주시,이도이동,50110540,W6X540
1888,제주시,이도이동,50110540,W6X541
1889,제주시,이도이동,50110540,W6X542
1890,제주시,이도이동,50110540,W6X543
1891,제주시,이도이동,50110540,W6X545
1892,제주시,이도이동,50110540,W6X546
1893,제주시,이도이동,50110540,W6X547
1894,제주시,이도이동,50110540,W6X548
1895,제주시,이도이동,50110540,W6X549
1896,제주시,이도이동,50110540,W6X550
1897,제주시,이도이동,50110540,W6XA56
1898,제주시,이도이동,50110540,W6XA57
1899,제주시,이도이동,50110540,W6XA59
1900,제주시,이도이동,50110540,W6XAC1
1901,제주시,이도이동,50110540,W6XB65
1902,제주시,이도이동,50110540,W6XB66
1903,제주시,이도이동,50110540,W6XB67
1904,제주시,이도이동,50110540,W6XB68
1905,제주시,이도이동,50110540,W6XB69
1906,제주시,이도이동,50110540,W6XB70
1907,제주시,이도이동,50110540,W6XB71
1908,제주시,이도이동,50110540,W6XBA1
1909,제주시,이도이동,50110540,W6XC20
1910,제주시,이도이동,50110540,W6XC22
1911,제주시,이도이동,50110540,W6XC23
1912,제주시,이도이동,50110540,W6XC91
1913,제주시,이도일동,50110530,W6X041
1914,제주시,이도일동,50110530,W6X042
1915,제주시,이도일동,50110530,W6X175
1916,제주시,이도일동,50110530,W6X176
1917,제주시,이도일동,50110530,W6X177
1918,제주시,이도일동,50110530,W6X178
1919,제주시,이도일동,50110530,W6X179
1920,제주시,이도일동,50110530,W6X180
1921,제주시,이도일동,50110530,W6X181
1922,제주시,이도일동,50110530,W6X182
1923,제주시,이도일동,50110530,W6X183
1924,제주시,이도일동,50110530,W6X184
1925,제주시,이도일동,50110530,W6X185
1926,제주시,이도일동,50110530,W6X186
1927,제주시,이도일동,50110530,W6X187
1928,제주시,이도일동,50110530,W6X188
1929,제주시,이도일동,50110530,W6X189
1930,제주시,이도일동,50110530,W6X190
1931,제주시,이도일동,50110530,W6X191
1932,제주시,이도일동,50110530,W6X192
1933,제주시,이도일동,50110530,W6X193
1934,제주시,이도일동,50110530,W6X194
1935,제주시,이도일동,50110530,W6X195
1936,제주시,이도일동,50110530,W6X196
1937,제주시,이도일동,50110530,W6XA55
1938,제주시,이도일동,50110530,W6XC18
1939,제주시,이도일동,50110530,W6XC19
1940,제주시,이호동,50110680,W6X721
1941,제주시,이호동,50110680,W6X722
1942,제주시,이호동,50110680,W6X723
1943,제주시,이호동,50110680,W6X724
1944,제주시,이호동,50110680,W6X725
1945,제주시,이호동,50110680,W6X726
1946,제주시,이호동,50110680,W6X727
1947,제주시,이호동,50110680,W6X728
1948,제주시,이호동,50110680,W6X729
1949,제주시,이호동,50110680,W6X730
1950,제주시,이호동,50110680,W6X731
1951,제주시,이호동,50110680,W6X732
1952,제주시,이호동,50110680,W6X733
1953,제주시,이호동,50110680,W6X734
1954,제주시,이호동,50110680,W6X735
1955,제주시,이호동,50110680,W6X736
1956,제주시,이호동,50110680,W6X737
1957,제주시,이호동,50110680,W6X738
1958,제주시,이호동,50110680,W6X739
1959,제주시,이호동,50110680,W6X740
1960,제주시,이호동,50110680,W6X741
1961,제주시,이호동,50110680,W6X742
1962,제주시,이호동,50110680,W6X743
1963,제주시,이호동,50110680,W6X744
1964,제주시,이호동,50110680,W6X745
1965,제주시,이호동,50110680,W6X747
1966,제주시,이호동,50110680,W6X748
1967,제주시,이호동,50110680,W6X749
1968,제주시,이호동,50110680,W6X750
1969,제주시,이호동,50110680,W6XAD1
1970,제주시,이호동,50110680,W6XC49
1971,제주시,이호동,50110680,W6XC50
1972,제주시,이호동,50110680,W6XC90
1973,제주시,일도이동,50110520,W6X007
1974,제주시,일도이동,50110520,W6X018
1975,제주시,일도이동,50110520,W6X045
1976,제주시,일도이동,50110520,W6X046
1977,제주시,일도이동,50110520,W6X047
1978,제주시,일도이동,50110520,W6X049
1979,제주시,일도이동,50110520,W6X103
1980,제주시,일도이동,50110520,W6X171
1981,제주시,일도이동,50110520,W6X391
1982,제주시,일도이동,50110520,W6X392
1983,제주시,일도이동,50110520,W6X393
1984,제주시,일도이동,50110520,W6X394
1985,제주시,일도이동,50110520,W6X395
1986,제주시,일도이동,50110520,W6X396
1987,제주시,일도이동,50110520,W6X397
1988,제주시,일도이동,50110520,W6X398
1989,제주시,일도이동,50110520,W6X399
1990,제주시,일도이동,50110520,W6X400
1991,제주시,일도이동,50110520,W6X402
1992,제주시,일도이동,50110520,W6X403
1993,제주시,일도이동,50110520,W6X404
1994,제주시,일도이동,50110520,W6X405
1995,제주시,일도이동,50110520,W6X406
1996,제주시,일도이동,50110520,W6X407
1997,제주시,일도이동,50110520,W6X408
1998,제주시,일도이동,50110520,W6X409
1999,제주시,일도이동,50110520,W6X410
2000,제주시,일도이동,50110520,W6X411
2001,제주시,일도이동,50110520,W6X412
2002,제주시,일도이동,50110520,W6X413
2003,제주시,일도이동,50110520,W6X414
2004,제주시,일도이동,50110520,W6X415
2005,제주시,일도이동,50110520,W6X416
2006,제주시,일도이동,50110520,W6X417
2007,제주시,일도이동,50110520,W6X418
2008,제주시,일도이동,50110520,W6X419
2009,제주시,일도이동,50110520,W6X420
2010,제주시,일도이동,50110520,W6X421
2011,제주시,일도이동,50110520,W6X422
2012,제주시,일도이동,50110520,W6X423
2013,제주시,일도이동,50110520,W6X424
2014,제주시,일도이동,50110520,W6X425
2015,제주시,일도이동,50110520,W6X426
2016,제주시,일도이동,50110520,W6X427
2017,제주시,일도이동,50110520,W6X428
2018,제주시,일도이동,50110520,W6X429
2019,제주시,일도이동,50110520,W6X430
2020,제주시,일도이동,50110520,W6X431
2021,제주시,일도이동,50110520,W6X432
2022,제주시,일도이동,50110520,W6X433
2023,제주시,일도이동,50110520,W6X434
2024,제주시,일도이동,50110520,W6X435
2025,제주시,일도이동,50110520,W6X436
2026,제주시,일도이동,50110520,W6X437
2027,제주시,일도이동,50110520,W6X438
2028,제주시,일도이동,50110520,W6X439
2029,제주시,일도이동,50110520,W6X440
2030,제주시,일도이동,50110520,W6X441
2031,제주시,일도이동,50110520,W6X443
2032,제주시,일도이동,50110520,W6X444
2033,제주시,일도이동,50110520,W6X445
2034,제주시,일도이동,50110520,W6X446
2035,제주시,일도이동,50110520,W6X447
2036,제주시,일도이동,50110520,W6X448
2037,제주시,일도이동,50110520,W6X769
2038,제주시,일도이동,50110520,W6X879
2039,제주시,일도이동,50110520,W6XA50
2040,제주시,일도이동,50110520,W6XA53
2041,제주시,일도이동,50110520,W6XA54
2042,제주시,일도이동,50110520,W6XAA7
2043,제주시,일도이동,50110520,W6XAA8
2044,제주시,일도이동,50110520,W6XAA9
2045,제주시,일도이동,50110520,W6XAB1
2046,제주시,일도이동,50110520,W6XAB2
2047,제주시,일도이동,50110520,W6XAB3
2048,제주시,일도이동,50110520,W6XAB4
2049,제주시,일도이동,50110520,W6XAB5
2050,제주시,일도이동,50110520,W6XAB6
2051,제주시,일도이동,50110520,W6XAB7
2052,제주시,일도이동,50110520,W6XAB8
2053,제주시,일도이동,50110520,W6XAB9
2054,제주시,일도이동,50110520,W6XB50
2055,제주시,일도이동,50110520,W6XB51
2056,제주시,일도이동,50110520,W6XB52
2057,제주시,일도이동,50110520,W6XB53
2058,제주시,일도이동,50110520,W6XC67
2059,제주시,일도이동,50110520,W6XCA0
2060,제주시,일도일동,50110510,W6X162
2061,제주시,일도일동,50110510,W6X163
2062,제주시,일도일동,50110510,W6X165
2063,제주시,일도일동,50110510,W6X166
2064,제주시,일도일동,50110510,W6X167
2065,제주시,일도일동,50110510,W6X168
2066,제주시,일도일동,50110510,W6X169
2067,제주시,일도일동,50110510,W6X170
2068,제주시,일도일동,50110510,W6X172
2069,제주시,일도일동,50110510,W6X173
2070,제주시,조천읍,50110259,W6X06A
2071,제주시,조천읍,50110259,W6X06B
2072,제주시,조천읍,50110259,W6X06C
2073,제주시,조천읍,50110259,W6X06D
2074,제주시,조천읍,50110259,W6X06E
2075,제주시,조천읍,50110259,W6X07B
2076,제주시,조천읍,50110259,W6X07D
2077,제주시,조천읍,50110259,W6X07E
2078,제주시,조천읍,50110259,W6X07F
2079,제주시,조천읍,50110259,W6X089
2080,제주시,조천읍,50110259,W6X08A
2081,제주시,조천읍,50110259,W6X08B
2082,제주시,조천읍,50110259,W6X08C
2083,제주시,조천읍,50110259,W6X08D
2084,제주시,조천읍,50110259,W6X08E
2085,제주시,조천읍,50110259,W6X08F
2086,제주시,조천읍,50110259,W6X090
2087,제주시,조천읍,50110259,W6X091
2088,제주시,조천읍,50110259,W6X093
2089,제주시,조천읍,50110259,W6X094
2090,제주시,조천읍,50110259,W6X095
2091,제주시,조천읍,50110259,W6X096
2092,제주시,조천읍,50110259,W6X097
2093,제주시,조천읍,50110259,W6X098
2094,제주시,조천읍,50110259,W6X099
2095,제주시,조천읍,50110259,W6X09A
2096,제주시,조천읍,50110259,W6X09B
2097,제주시,조천읍,50110259,W6X10A
2098,제주시,조천읍,50110259,W6X10C
2099,제주시,조천읍,50110259,W6X10D
2100,제주시,조천읍,50110259,W6X10E
2101,제주시,조천읍,50110259,W6X10F
2102,제주시,조천읍,50110259,W6X11A
2103,제주시,조천읍,50110259,W6X11B
2104,제주시,조천읍,50110259,W6X11C
2105,제주시,조천읍,50110259,W6X11E
2106,제주시,조천읍,50110259,W6X17F
2107,제주시,조천읍,50110259,W6X18A
2108,제주시,조천읍,50110259,W6X18B
2109,제주시,조천읍,50110259,W6X18C
2110,제주시,조천읍,50110259,W6X18D
2111,제주시,조천읍,50110259,W6X18E
2112,제주시,조천읍,50110259,W6X18F
2113,제주시,조천읍,50110259,W6X19A
2114,제주시,조천읍,50110259,W6X19B
2115,제주시,조천읍,50110259,W6X19C
2116,제주시,조천읍,50110259,W6X19D
2117,제주시,조천읍,50110259,W6X19E
2118,제주시,조천읍,50110259,W6X19F
2119,제주시,조천읍,50110259,W6X1AA
2120,제주시,조천읍,50110259,W6X1AB
2121,제주시,조천읍,50110259,W6X1AC
2122,제주시,조천읍,50110259,W6X1AD
2123,제주시,조천읍,50110259,W6X1AE
2124,제주시,조천읍,50110259,W6XD15
2125,제주시,조천읍,50110259,W6XD16
2126,제주시,조천읍,50110259,W6XD17
2127,제주시,조천읍,50110259,W6XD18
2128,제주시,조천읍,50110259,W6XD19
2129,제주시,조천읍,50110259,W6XD20
2130,제주시,조천읍,50110259,W6XD21
2131,제주시,조천읍,50110259,W6XD22
2132,제주시,조천읍,50110259,W6XD23
2133,제주시,조천읍,50110259,W6XD24
2134,제주시,조천읍,50110259,W6XD25
2135,제주시,조천읍,50110259,W6XD26
2136,제주시,조천읍,50110259,W6XD27
2137,제주시,조천읍,50110259,W6XD28
2138,제주시,조천읍,50110259,W6XD29
2139,제주시,조천읍,50110259,W6XD30
2140,제주시,조천읍,50110259,W6XD31
2141,제주시,조천읍,50110259,W6XD32
2142,제주시,조천읍,50110259,W6XD34
2143,제주시,조천읍,50110259,W6XD35
2144,제주시,조천읍,50110259,W6XD36
2145,제주시,조천읍,50110259,W6XD37
2146,제주시,조천읍,50110259,W6XD38
2147,제주시,조천읍,50110259,W6XD39
2148,제주시,조천읍,50110259,W6XD40
2149,제주시,조천읍,50110259,W6XD41
2150,제주시,조천읍,50110259,W6XD42
2151,제주시,조천읍,50110259,W6XD43
2152,제주시,조천읍,50110259,W6XD44
2153,제주시,조천읍,50110259,W6XD45
2154,제주시,조천읍,50110259,W6XD46
2155,제주시,조천읍,50110259,W6XD47
2156,제주시,조천읍,50110259,W6XD48
2157,제주시,조천읍,50110259,W6XD49
2158,제주시,조천읍,50110259,W6XD50
2159,제주시,조천읍,50110259,W6XD51
2160,제주시,조천읍,50110259,W6XD52
2161,제주시,조천읍,50110259,W6XD53
2162,제주시,조천읍,50110259,W6XD54
2163,제주시,조천읍,50110259,W6XD55
2164,제주시,조천읍,50110259,W6XD56
2165,제주시,조천읍,50110259,W6XD57
2166,제주시,조천읍,50110259,W6XD58
2167,제주시,조천읍,50110259,W6XD59
2168,제주시,조천읍,50110259,W6XD60
2169,제주시,조천읍,50110259,W6XD61
2170,제주시,조천읍,50110259,W6XD62
2171,제주시,조천읍,50110259,W6XD63
2172,제주시,조천읍,50110259,W6XD64
2173,제주시,조천읍,50110259,W6XD65
2174,제주시,조천읍,50110259,W6XD66
2175,제주시,조천읍,50110259,W6XD67
2176,제주시,조천읍,50110259,W6XD68
2177,제주시,조천읍,50110259,W6XD69
2178,제주시,조천읍,50110259,W6XD70
2179,제주시,조천읍,50110259,W6XD71
2180,제주시,조천읍,50110259,W6XD72
2181,제주시,조천읍,50110259,W6XD73
2182,제주시,조천읍,50110259,W6XD74
2183,제주시,조천읍,50110259,W6XD75
2184,제주시,조천읍,50110259,W6XD76
2185,제주시,조천읍,50110259,W6XD77
2186,제주시,조천읍,50110259,W6XD78
2187,제주시,조천읍,50110259,W6XD79
2188,제주시,조천읍,50110259,W6XD81
2189,제주시,조천읍,50110259,W6XD82
2190,제주시,조천읍,50110259,W6XD83
2191,제주시,조천읍,50110259,W6XF9D
2192,제주시,조천읍,50110259,W6XF9E
2193,제주시,조천읍,50110259,W6XF9F
2194,제주시,조천읍,50110259,W6XFA0
2195,제주시,조천읍,50110259,W6XFA1
2196,제주시,조천읍,50110259,W6XFA2
2197,제주시,조천읍,50110259,W6XFA3
2198,제주시,조천읍,50110259,W6XFF2
2199,제주시,조천읍,50110259,W6XFF3
2200,제주시,조천읍,50110259,W6XFF4
2201,제주시,조천읍,50110259,W6XFF5
2202,제주시,조천읍,50110259,W6XFF6
2203,제주시,조천읍,50110259,W6XFF7
2204,제주시,조천읍,50110259,W6XFF8
2205,제주시,조천읍,50110259,W6XFF9
2206,제주시,조천읍,50110259,W6XFFA
2207,제주시,조천읍,50110259,W6XFFB
2208,제주시,조천읍,50110259,W6XFFC
2209,제주시,조천읍,50110259,W6XFFD
2210,제주시,조천읍,50110259,W6XFFE
2211,제주시,한경면,50110310,W6X1E2
2212,제주시,한경면,50110310,W6X1E3
2213,제주시,한경면,50110310,W6X1E4
2214,제주시,한경면,50110310,W6X1E5
2215,제주시,한경면,50110310,W6X1E6
2216,제주시,한경면,50110310,W6X1E7
2217,제주시,한경면,50110310,W6X1E9
2218,제주시,한경면,50110310,W6X1F1
2219,제주시,한경면,50110310,W6X1F2
2220,제주시,한경면,50110310,W6X1F3
2221,제주시,한경면,50110310,W6X1F5
2222,제주시,한경면,50110310,W6X1F6
2223,제주시,한경면,50110310,W6X1F8
2224,제주시,한경면,50110310,W6X1F9
2225,제주시,한경면,50110310,W6X2A1
2226,제주시,한경면,50110310,W6X2A2
2227,제주시,한경면,50110310,W6X2A3
2228,제주시,한경면,50110310,W6X2A4
2229,제주시,한경면,50110310,W6X2A5
2230,제주시,한경면,50110310,W6X2A6
2231,제주시,한경면,50110310,W6X2A7
2232,제주시,한경면,50110310,W6X2A8
2233,제주시,한경면,50110310,W6X2A9
2234,제주시,한경면,50110310,W6X2B1
2235,제주시,한경면,50110310,W6X2B2
2236,제주시,한경면,50110310,W6X2B3
2237,제주시,한경면,50110310,W6X2B4
2238,제주시,한경면,50110310,W6X2B5
2239,제주시,한경면,50110310,W6X2B6
2240,제주시,한경면,50110310,W6X2B7
2241,제주시,한경면,50110310,W6X2B8
2242,제주시,한경면,50110310,W6X2B9
2243,제주시,한경면,50110310,W6X2C1
2244,제주시,한경면,50110310,W6X2C3
2245,제주시,한경면,50110310,W6X2C4
2246,제주시,한경면,50110310,W6X2C5
2247,제주시,한경면,50110310,W6X2C6
2248,제주시,한경면,50110310,W6X2C7
2249,제주시,한경면,50110310,W6X2C8
2250,제주시,한경면,50110310,W6X2C9
2251,제주시,한경면,50110310,W6XE1A
2252,제주시,한경면,50110310,W6XE1B
2253,제주시,한경면,50110310,W6XE1C
2254,제주시,한경면,50110310,W6XE1D
2255,제주시,한경면,50110310,W6XE2A
2256,제주시,한경면,50110310,W6XE2B
2257,제주시,한경면,50110310,W6XE2C
2258,제주시,한경면,50110310,W6XE2D
2259,제주시,한경면,50110310,W6XE3A
2260,제주시,한경면,50110310,W6XE3B
2261,제주시,한경면,50110310,W6XE3C
2262,제주시,한경면,50110310,W6XE4A
2263,제주시,한경면,50110310,W6XE4B
2264,제주시,한경면,50110310,W6XE4C
2265,제주시,한경면,50110310,W6XE4D
2266,제주시,한경면,50110310,W6XE5A
2267,제주시,한경면,50110310,W6XE5B
2268,제주시,한경면,50110310,W6XE5C
2269,제주시,한경면,50110310,W6XE6A
2270,제주시,한경면,50110310,W6XE6B
2271,제주시,한경면,50110310,W6XE6C
2272,제주시,한경면,50110310,W6XE7A
2273,제주시,한경면,50110310,W6XE7B
2274,제주시,한경면,50110310,W6XE7C
2275,제주시,한경면,50110310,W6XE8A
2276,제주시,한경면,50110310,W6XE8B
2277,제주시,한경면,50110310,W6XE8C
2278,제주시,한경면,50110310,W6XE9A
2279,제주시,한경면,50110310,W6XE9B
2280,제주시,한경면,50110310,W6XE9C
2281,제주시,한경면,50110310,W6XF0A
2282,제주시,한림읍,50110250,W6X15E
2283,제주시,한림읍,50110250,W6X15F
2284,제주시,한림읍,50110250,W6X16B
2285,제주시,한림읍,50110250,W6X16C
2286,제주시,한림읍,50110250,W6X16D
2287,제주시,한림읍,50110250,W6X16E
2288,제주시,한림읍,50110250,W6X16F
2289,제주시,한림읍,50110250,W6X17A
2290,제주시,한림읍,50110250,W6X17B
2291,제주시,한림읍,50110250,W6X17C
2292,제주시,한림읍,50110250,W6X17D
2293,제주시,한림읍,50110250,W6X17E
2294,제주시,한림읍,50110250,W6X1A6
2295,제주시,한림읍,50110250,W6X1B7
2296,제주시,한림읍,50110250,W6X1B8
2297,제주시,한림읍,50110250,W6X1B9
2298,제주시,한림읍,50110250,W6X1C2
2299,제주시,한림읍,50110250,W6X1C3
2300,제주시,한림읍,50110250,W6X1C4
2301,제주시,한림읍,50110250,W6X1C5
2302,제주시,한림읍,50110250,W6X1C6
2303,제주시,한림읍,50110250,W6X1C7
2304,제주시,한림읍,50110250,W6X1C8
2305,제주시,한림읍,50110250,W6X1C9
2306,제주시,한림읍,50110250,W6X1D1
2307,제주시,한림읍,50110250,W6X1D2
2308,제주시,한림읍,50110250,W6X1D3
2309,제주시,한림읍,50110250,W6X1D4
2310,제주시,한림읍,50110250,W6X1D5
2311,제주시,한림읍,50110250,W6X1D6
2312,제주시,한림읍,50110250,W6X1D7
2313,제주시,한림읍,50110250,W6X1D8
2314,제주시,한림읍,50110250,W6X1D9
2315,제주시,한림읍,50110250,W6X1E1
2316,제주시,한림읍,50110250,W6X2D1
2317,제주시,한림읍,50110250,W6XEA1
2318,제주시,한림읍,50110250,W6XEA2
2319,제주시,한림읍,50110250,W6XEA3
2320,제주시,한림읍,50110250,W6XEA4
2321,제주시,한림읍,50110250,W6XEA5
2322,제주시,한림읍,50110250,W6XEA6
2323,제주시,한림읍,50110250,W6XEA7
2324,제주시,한림읍,50110250,W6XEA8
2325,제주시,한림읍,50110250,W6XEA9
2326,제주시,한림읍,50110250,W6XEB1
2327,제주시,한림읍,50110250,W6XEB2
2328,제주시,한림읍,50110250,W6XEB3
2329,제주시,한림읍,50110250,W6XEB4
2330,제주시,한림읍,50110250,W6XEB5
2331,제주시,한림읍,50110250,W6XEB6
2332,제주시,한림읍,50110250,W6XEB7
2333,제주시,한림읍,50110250,W6XEB8
2334,제주시,한림읍,50110250,W6XEB9
2335,제주시,한림읍,50110250,W6XEC1
2336,제주시,한림읍,50110250,W6XEC2
2337,제주시,한림읍,50110250,W6XEC3
2338,제주시,한림읍,50110250,W6XEC4
2339,제주시,한림읍,50110250,W6XEC5
2340,제주시,한림읍,50110250,W6XEC6
2341,제주시,한림읍,50110250,W6XEC7
2342,제주시,한림읍,50110250,W6XEC8
2343,제주시,한림읍,50110250,W6XEC9
2344,제주시,한림읍,50110250,W6XED1
2345,제주시,한림읍,50110250,W6XED2
2346,제주시,한림읍,50110250,W6XED3
2347,제주시,한림읍,50110250,W6XED4
2348,제주시,한림읍,50110250,W6XED5
2349,제주시,한림읍,50110250,W6XED6
2350,제주시,한림읍,50110250,W6XED7
2351,제주시,한림읍,50110250,W6XED8
2352,제주시,한림읍,50110250,W6XED9
2353,제주시,한림읍,50110250,W6XEE1
2354,제주시,한림읍,50110250,W6XEE2
2355,제주시,한림읍,50110250,W6XEE3
2356,제주시,한림읍,50110250,W6XEE4
2357,제주시,한림읍,50110250,W6XEE5
2358,제주시,한림읍,50110250,W6XEE6
2359,제주시,한림읍,50110250,W6XEE7
2360,제주시,한림읍,50110250,W6XEE8
2361,제주시,한림읍,50110250,W6XEE9
2362,제주시,한림읍,50110250,W6XEF1
2363,제주시,한림읍,50110250,W6XEF2
2364,제주시,한림읍,50110250,W6XEF3
2365,제주시,한림읍,50110250,W6XEF4
2366,제주시,한림읍,50110250,W6XEF5
2367,제주시,한림읍,50110250,W6XEF6
2368,제주시,한림읍,50110250,W6XEF8
2369,제주시,한림읍,50110250,W6XEF9
2370,제주시,한림읍,50110250,W6XF77
2371,제주시,한림읍,50110250,W6XF78
2372,제주시,한림읍,50110250,W6XF79
2373,제주시,한림읍,50110250,W6XF80
2374,제주시,한림읍,50110250,W6XF81
2375,제주시,한림읍,50110250,W6XF82
2376,제주시,한림읍,50110250,W6XF83
2377,제주시,한림읍,50110250,W6XF84
2378,제주시,한림읍,50110250,W6XF85
2379,제주시,한림읍,50110250,W6XF86
2380,제주시,한림읍,50110250,W6XF87
2381,제주시,한림읍,50110250,W6XF88
2382,제주시,한림읍,50110250,W6XF89
2383,제주시,한림읍,50110250,W6XF90
2384,제주시,한림읍,50110250,W6XF91
2385,제주시,한림읍,50110250,W6XF92
2386,제주시,한림읍,50110250,W6XF93
2387,제주시,한림읍,50110250,W6XF94
2388,제주시,한림읍,50110250,W6XF95
2389,제주시,한림읍,50110250,W6XF96
2390,제주시,한림읍,50110250,W6XF97
2391,제주시,한림읍,50110250,W6XF98
2392,제주시,한림읍,50110250,W6XF99
2393,제주시,한림읍,50110250,W6XFAA
2394,제주시,화북동,50110600,W6X020
2395,제주시,화북동,50110600,W6X021
2396,제주시,화북동,50110600,W6X022
2397,제주시,화북동,50110600,W6X023
2398,제주시,화북동,50110600,W6X028
2399,제주시,화북동,50110600,W6X051
2400,제주시,화북동,50110600,W6X067
2401,제주시,화북동,50110600,W6X070
2402,제주시,화북동,50110600,W6X075
2403,제주시,화북동,50110600,W6X102
2404,제주시,화북동,50110600,W6X231
2405,제주시,화북동,50110600,W6X236
2406,제주시,화북동,50110600,W6X307
2407,제주시,화북동,50110600,W6X308
2408,제주시,화북동,50110600,W6X309
2409,제주시,화북동,50110600,W6X310
2410,제주시,화북동,50110600,W6X311
2411,제주시,화북동,50110600,W6X312
2412,제주시,화북동,50110600,W6X313
2413,제주시,화북동,50110600,W6X314
2414,제주시,화북동,50110600,W6X315
2415,제주시,화북동,50110600,W6X316
2416,제주시,화북동,50110600,W6X317
2417,제주시,화북동,50110600,W6X318
2418,제주시,화북동,50110600,W6X319
2419,제주시,화북동,50110600,W6X320
2420,제주시,화북동,50110600,W6X321
2421,제주시,화북동,50110600,W6X322
2422,제주시,화북동,50110600,W6X323
2423,제주시,화북동,50110600,W6X324
2424,제주시,화북동,50110600,W6X325
2425,제주시,화북동,50110600,W6X326
2426,제주시,화북동,50110600,W6X327
2427,제주시,화북동,50110600,W6X328
2428,제주시,화북동,50110600,W6X329
2429,제주시,화북동,50110600,W6X330
2430,제주시,화북동,50110600,W6X331
2431,제주시,화북동,50110600,W6X332
2432,제주시,화북동,50110600,W6X333
2433,제주시,화북동,50110600,W6X334
2434,제주시,화북동,50110600,W6X335
2435,제주시,화북동,50110600,W6X336
2436,제주시,화북동,50110600,W6X337
2437,제주시,화북동,50110600,W6X338
2438,제주시,화북동,50110600,W6X339
2439,제주시,화북동,50110600,W6X340
2440,제주시,화북동,50110600,W6X341
2441,제주시,화북동,50110600,W6X342
2442,제주시,화북동,50110600,W6X343
2443,제주시,화북동,50110600,W6X344
2444,제주시,화북동,50110600,W6X345
2445,제주시,화북동,50110600,W6X346
2446,제주시,화북동,50110600,W6X347
2447,제주시,화북동,50110600,W6X348
2448,제주시,화북동,50110600,W6X349
2449,제주시,화북동,50110600,W6X350
2450,제주시,화북동,50110600,W6X351
2451,제주시,화북동,50110600,W6X352
2452,제주시,화북동,50110600,W6X353
2453,제주시,화북동,50110600,W6X354
2454,제주시,화북동,50110600,W6X355
2455,제주시,화북동,50110600,W6X356
2456,제주시,화북동,50110600,W6X357
2457,제주시,화북동,50110600,W6X358
2458,제주시,화북동,50110600,W6X359
2459,제주시,화북동,50110600,W6X360
2460,제주시,화북동,50110600,W6X361
2461,제주시,화북동,50110600,W6X362
2462,제주시,화북동,50110600,W6X363
2463,제주시,화북동,50110600,W6X442
2464,제주시,화북동,50110600,W6XA61
2465,제주시,화북동,50110600,W6XA62
2466,제주시,화북동,50110600,W6XA63
2467,제주시,화북동,50110600,W6XAA4
2468,제주시,화북동,50110600,W6XAD2
2469,제주시,화북동,50110600,W6XAD3
2470,제주시,화북동,50110600,W6XAD6
2471,제주시,화북동,50110600,W6XB54
2472,제주시,화북동,50110600,W6XB55
2473,제주시,화북동,50110600,W6XB56
2474,제주시,화북동,50110600,W6XB57
2475,제주시,화북동,50110600,W6XB58
2476,제주시,화북동,50110600,W6XC56
2477,제주시,화북동,50110600,W6XC59
